{
    "__comment": "Model generated using MrCrayfish's Model Creator (http://mrcrayfish.com/modelcreator/)",
    "textures": {
        "0": "block/hardened_clay_stained_red",
        "1": "block/wool_colored_gray",
        "2": "block/stone_andesite_smooth",
        "3": "block/hardened_clay_stained_yellow",
        "4": "block/iron_block",
        "5": "block/hardened_clay_stained_pink",
        "6": "block/hardened_clay_stained_cyan",
        "7": "block/glass"
    },
    "elements": [
        {
            "name": "Cube",
            "from": [ 12.0, 1.0, -7.0 ], 
            "to": [ 14.0, 5.0, -4.0 ], 
            "faces": {
                "north": { "texture": "#0", "uv": [ 0.0, 0.0, 3.0, 1.0 ] },
                "east": { "texture": "#0", "uv": [ 0.0, 0.0, 3.0, 1.0 ] },
                "south": { "texture": "#0", "uv": [ 0.0, 0.0, 3.0, 1.0 ] },
                "west": { "texture": "#0", "uv": [ 0.0, 0.0, 3.0, 1.0 ] },
                "up": { "texture": "#0", "uv": [ 0.0, 0.0, 3.0, 3.0 ] },
                "down": { "texture": "#0", "uv": [ 0.0, 0.0, 3.0, 3.0 ] }
            }
        },
        {
            "name": "Cube",
            "from": [ 13.0, 1.0, 2.0 ], 
            "to": [ 14.0, 9.0, 14.0 ], 
            "faces": {
                "north": { "texture": "#0", "uv": [ 0.0, 0.0, 3.0, 1.0 ] },
                "east": { "texture": "#0", "uv": [ 0.0, 0.0, 14.0, 1.0 ] },
                "south": { "texture": "#0", "uv": [ 0.0, 0.0, 3.0, 1.0 ] },
                "west": { "texture": "#0", "uv": [ 0.0, 0.0, 14.0, 1.0 ] },
                "up": { "texture": "#0", "uv": [ 0.0, 0.0, 3.0, 14.0 ] },
                "down": { "texture": "#0", "uv": [ 0.0, 0.0, 3.0, 14.0 ] }
            }
        },
        {
            "name": "Cube",
            "from": [ 2.0, 7.0, 2.0 ], 
            "to": [ 3.0, 16.0, 3.0 ], 
            "rotation": { "origin": [ 8.0, 10.0, 2.0 ], "axis": "x", "angle": 22.5 },
            "faces": {
                "north": { "texture": "#0", "uv": [ 0.0, 0.0, 3.0, 1.0 ] },
                "east": { "texture": "#0", "uv": [ 0.0, 0.0, 14.0, 1.0 ] },
                "south": { "texture": "#0", "uv": [ 0.0, 0.0, 3.0, 1.0 ] },
                "west": { "texture": "#0", "uv": [ 0.0, 0.0, 14.0, 1.0 ] },
                "up": { "texture": "#0", "uv": [ 0.0, 0.0, 3.0, 14.0 ] },
                "down": { "texture": "#0", "uv": [ 0.0, 0.0, 3.0, 14.0 ] }
            }
        },
        {
            "name": "Cube",
            "from": [ 12.0, 1.0, 20.0 ], 
            "to": [ 14.0, 5.0, 23.0 ], 
            "faces": {
                "north": { "texture": "#0", "uv": [ 0.0, 0.0, 3.0, 1.0 ] },
                "east": { "texture": "#0", "uv": [ 0.0, 0.0, 3.0, 1.0 ] },
                "south": { "texture": "#0", "uv": [ 0.0, 0.0, 3.0, 1.0 ] },
                "west": { "texture": "#0", "uv": [ 0.0, 0.0, 3.0, 1.0 ] },
                "up": { "texture": "#0", "uv": [ 0.0, 0.0, 3.0, 3.0 ] },
                "down": { "texture": "#0", "uv": [ 0.0, 0.0, 3.0, 3.0 ] }
            }
        },
        {
            "name": "Cube",
            "from": [ 2.0, 1.0, 20.0 ], 
            "to": [ 4.0, 5.0, 23.0 ], 
            "faces": {
                "north": { "texture": "#0", "uv": [ 0.0, 0.0, 3.0, 1.0 ] },
                "east": { "texture": "#0", "uv": [ 0.0, 0.0, 3.0, 1.0 ] },
                "south": { "texture": "#0", "uv": [ 0.0, 0.0, 3.0, 1.0 ] },
                "west": { "texture": "#0", "uv": [ 0.0, 0.0, 3.0, 1.0 ] },
                "up": { "texture": "#0", "uv": [ 0.0, 0.0, 3.0, 3.0 ] },
                "down": { "texture": "#0", "uv": [ 0.0, 0.0, 3.0, 3.0 ] }
            }
        },
        {
            "name": "Cube",
            "from": [ 2.0, 1.0, -7.0 ], 
            "to": [ 4.0, 5.0, -4.0 ], 
            "faces": {
                "north": { "texture": "#0", "uv": [ 0.0, 0.0, 3.0, 1.0 ] },
                "east": { "texture": "#0", "uv": [ 0.0, 0.0, 3.0, 1.0 ] },
                "south": { "texture": "#0", "uv": [ 0.0, 0.0, 3.0, 1.0 ] },
                "west": { "texture": "#0", "uv": [ 0.0, 0.0, 3.0, 1.0 ] },
                "up": { "texture": "#0", "uv": [ 0.0, 0.0, 3.0, 3.0 ] },
                "down": { "texture": "#0", "uv": [ 0.0, 0.0, 3.0, 3.0 ] }
            }
        },
        {
            "name": "Cube",
            "from": [ 12.0, 1.0, 2.0 ], 
            "to": [ 13.0, 2.0, 14.0 ], 
            "faces": {
                "north": { "texture": "#0", "uv": [ 0.0, 0.0, 3.0, 1.0 ] },
                "east": { "texture": "#0", "uv": [ 0.0, 0.0, 14.0, 1.0 ] },
                "south": { "texture": "#0", "uv": [ 0.0, 0.0, 3.0, 1.0 ] },
                "west": { "texture": "#0", "uv": [ 0.0, 0.0, 14.0, 1.0 ] },
                "up": { "texture": "#0", "uv": [ 0.0, 0.0, 3.0, 14.0 ] },
                "down": { "texture": "#0", "uv": [ 0.0, 0.0, 3.0, 14.0 ] }
            }
        },
        {
            "name": "Roof",
            "from": [ 2.0, 15.0, 4.5 ], 
            "to": [ 14.0, 16.0, 16.5 ], 
            "faces": {
                "north": { "texture": "#0", "uv": [ 0.0, 0.0, 3.0, 1.0 ] },
                "east": { "texture": "#0", "uv": [ 0.0, 0.0, 14.0, 1.0 ] },
                "south": { "texture": "#0", "uv": [ 0.0, 0.0, 3.0, 1.0 ] },
                "west": { "texture": "#0", "uv": [ 0.0, 0.0, 14.0, 1.0 ] },
                "up": { "texture": "#0", "uv": [ 0.0, 0.0, 3.0, 14.0 ] },
                "down": { "texture": "#0", "uv": [ 0.0, 0.0, 3.0, 14.0 ] }
            }
        },
        {
            "name": "Cube",
            "from": [ 2.0, 5.0, -7.0 ], 
            "to": [ 4.0, 9.0, 2.0 ], 
            "faces": {
                "north": { "texture": "#0", "uv": [ 0.0, 0.0, 3.0, 1.0 ] },
                "east": { "texture": "#0", "uv": [ 0.0, 0.0, 14.0, 1.0 ] },
                "south": { "texture": "#0", "uv": [ 0.0, 0.0, 3.0, 1.0 ] },
                "west": { "texture": "#0", "uv": [ 0.0, 0.0, 14.0, 1.0 ] },
                "up": { "texture": "#0", "uv": [ 0.0, 0.0, 3.0, 14.0 ] },
                "down": { "texture": "#0", "uv": [ 0.0, 0.0, 3.0, 14.0 ] }
            }
        },
        {
            "name": "Cube",
            "from": [ 4.0, 2.0, 14.0 ], 
            "to": [ 12.0, 9.0, 23.0 ], 
            "faces": {
                "north": { "texture": "#0", "uv": [ 0.0, 0.0, 3.0, 1.0 ] },
                "east": { "texture": "#0", "uv": [ 0.0, 0.0, 14.0, 1.0 ] },
                "south": { "texture": "#0", "uv": [ 0.0, 0.0, 3.0, 1.0 ] },
                "west": { "texture": "#0", "uv": [ 0.0, 0.0, 14.0, 1.0 ] },
                "up": { "texture": "#0", "uv": [ 0.0, 0.0, 3.0, 14.0 ] },
                "down": { "texture": "#0", "uv": [ 0.0, 0.0, 3.0, 14.0 ] }
            }
        },
        {
            "name": "Cube",
            "from": [ 2.0, 5.0, 14.0 ], 
            "to": [ 4.0, 9.0, 23.0 ], 
            "faces": {
                "north": { "texture": "#0", "uv": [ 0.0, 0.0, 3.0, 1.0 ] },
                "east": { "texture": "#0", "uv": [ 0.0, 0.0, 14.0, 1.0 ] },
                "south": { "texture": "#0", "uv": [ 0.0, 0.0, 3.0, 1.0 ] },
                "west": { "texture": "#0", "uv": [ 0.0, 0.0, 14.0, 1.0 ] },
                "up": { "texture": "#0", "uv": [ 0.0, 0.0, 3.0, 14.0 ] },
                "down": { "texture": "#0", "uv": [ 0.0, 0.0, 3.0, 14.0 ] }
            }
        },
        {
            "name": "Cube",
            "from": [ 3.0, 1.0, 2.0 ], 
            "to": [ 4.0, 2.0, 14.0 ], 
            "faces": {
                "north": { "texture": "#0", "uv": [ 0.0, 0.0, 3.0, 1.0 ] },
                "east": { "texture": "#0", "uv": [ 0.0, 0.0, 14.0, 1.0 ] },
                "south": { "texture": "#0", "uv": [ 0.0, 0.0, 3.0, 1.0 ] },
                "west": { "texture": "#0", "uv": [ 0.0, 0.0, 14.0, 1.0 ] },
                "up": { "texture": "#0", "uv": [ 0.0, 0.0, 3.0, 14.0 ] },
                "down": { "texture": "#0", "uv": [ 0.0, 0.0, 3.0, 14.0 ] }
            }
        },
        {
            "name": "Cube",
            "from": [ 2.0, 1.0, 2.0 ], 
            "to": [ 3.0, 9.0, 14.0 ], 
            "faces": {
                "north": { "texture": "#0", "uv": [ 0.0, 0.0, 3.0, 1.0 ] },
                "east": { "texture": "#0", "uv": [ 0.0, 0.0, 14.0, 1.0 ] },
                "south": { "texture": "#0", "uv": [ 0.0, 0.0, 3.0, 1.0 ] },
                "west": { "texture": "#0", "uv": [ 0.0, 0.0, 14.0, 1.0 ] },
                "up": { "texture": "#0", "uv": [ 0.0, 0.0, 3.0, 14.0 ] },
                "down": { "texture": "#0", "uv": [ 0.0, 0.0, 3.0, 14.0 ] }
            }
        },
        {
            "name": "Cube",
            "from": [ 12.0, 5.0, -7.0 ], 
            "to": [ 14.0, 9.0, 2.0 ], 
            "faces": {
                "north": { "texture": "#0", "uv": [ 0.0, 0.0, 3.0, 1.0 ] },
                "east": { "texture": "#0", "uv": [ 0.0, 0.0, 14.0, 1.0 ] },
                "south": { "texture": "#0", "uv": [ 0.0, 0.0, 3.0, 1.0 ] },
                "west": { "texture": "#0", "uv": [ 0.0, 0.0, 14.0, 1.0 ] },
                "up": { "texture": "#0", "uv": [ 0.0, 0.0, 3.0, 14.0 ] },
                "down": { "texture": "#0", "uv": [ 0.0, 0.0, 3.0, 14.0 ] }
            }
        },
        {
            "name": "Cube",
            "from": [ 12.0, 5.0, 14.0 ], 
            "to": [ 14.0, 9.0, 23.0 ], 
            "faces": {
                "north": { "texture": "#0", "uv": [ 0.0, 0.0, 3.0, 1.0 ] },
                "east": { "texture": "#0", "uv": [ 0.0, 0.0, 14.0, 1.0 ] },
                "south": { "texture": "#0", "uv": [ 0.0, 0.0, 3.0, 1.0 ] },
                "west": { "texture": "#0", "uv": [ 0.0, 0.0, 14.0, 1.0 ] },
                "up": { "texture": "#0", "uv": [ 0.0, 0.0, 3.0, 14.0 ] },
                "down": { "texture": "#0", "uv": [ 0.0, 0.0, 3.0, 14.0 ] }
            }
        },
        {
            "name": "Cube",
            "from": [ 3.0, 2.0, 13.0 ], 
            "to": [ 13.0, 8.0, 14.0 ], 
            "faces": {
                "north": { "texture": "#0", "uv": [ 0.0, 0.0, 3.0, 1.0 ] },
                "east": { "texture": "#0", "uv": [ 0.0, 0.0, 14.0, 1.0 ] },
                "south": { "texture": "#0", "uv": [ 0.0, 0.0, 3.0, 1.0 ] },
                "west": { "texture": "#0", "uv": [ 0.0, 0.0, 14.0, 1.0 ] },
                "up": { "texture": "#0", "uv": [ 0.0, 0.0, 3.0, 14.0 ] },
                "down": { "texture": "#0", "uv": [ 0.0, 0.0, 3.0, 14.0 ] }
            }
        },
        {
            "name": "Cube",
            "from": [ 4.0, 2.0, -7.0 ], 
            "to": [ 12.0, 9.0, 2.0 ], 
            "faces": {
                "north": { "texture": "#0", "uv": [ 0.0, 0.0, 3.0, 1.0 ] },
                "east": { "texture": "#0", "uv": [ 0.0, 0.0, 14.0, 1.0 ] },
                "south": { "texture": "#0", "uv": [ 0.0, 0.0, 3.0, 1.0 ] },
                "west": { "texture": "#0", "uv": [ 0.0, 0.0, 14.0, 1.0 ] },
                "up": { "texture": "#0", "uv": [ 0.0, 0.0, 3.0, 14.0 ] },
                "down": { "texture": "#0", "uv": [ 0.0, 0.0, 3.0, 14.0 ] }
            }
        },
        {
            "name": "Cube",
            "from": [ 3.0, 2.0, 2.0 ], 
            "to": [ 13.0, 8.0, 3.0 ], 
            "faces": {
                "north": { "texture": "#0", "uv": [ 0.0, 0.0, 3.0, 1.0 ] },
                "east": { "texture": "#0", "uv": [ 0.0, 0.0, 14.0, 1.0 ] },
                "south": { "texture": "#0", "uv": [ 0.0, 0.0, 3.0, 1.0 ] },
                "west": { "texture": "#0", "uv": [ 0.0, 0.0, 14.0, 1.0 ] },
                "up": { "texture": "#0", "uv": [ 0.0, 0.0, 3.0, 14.0 ] },
                "down": { "texture": "#0", "uv": [ 0.0, 0.0, 3.0, 14.0 ] }
            }
        },
        {
            "name": "Cube",
            "from": [ 13.0, 7.0, 2.0 ], 
            "to": [ 14.0, 16.0, 3.0 ], 
            "rotation": { "origin": [ 8.0, 10.0, 2.0 ], "axis": "x", "angle": 22.5 },
            "faces": {
                "north": { "texture": "#0", "uv": [ 0.0, 0.0, 3.0, 1.0 ] },
                "east": { "texture": "#0", "uv": [ 0.0, 0.0, 14.0, 1.0 ] },
                "south": { "texture": "#0", "uv": [ 0.0, 0.0, 3.0, 1.0 ] },
                "west": { "texture": "#0", "uv": [ 0.0, 0.0, 14.0, 1.0 ] },
                "up": { "texture": "#0", "uv": [ 0.0, 0.0, 3.0, 14.0 ] },
                "down": { "texture": "#0", "uv": [ 0.0, 0.0, 3.0, 14.0 ] }
            }
        },
        {
            "name": "Cube",
            "from": [ 13.0, 7.0, 18.0 ], 
            "to": [ 14.0, 16.0, 19.0 ], 
            "rotation": { "origin": [ 8.0, 10.0, 19.0 ], "axis": "x", "angle": -22.5 },
            "faces": {
                "north": { "texture": "#0", "uv": [ 0.0, 0.0, 3.0, 1.0 ] },
                "east": { "texture": "#0", "uv": [ 0.0, 0.0, 14.0, 1.0 ] },
                "south": { "texture": "#0", "uv": [ 0.0, 0.0, 3.0, 1.0 ] },
                "west": { "texture": "#0", "uv": [ 0.0, 0.0, 14.0, 1.0 ] },
                "up": { "texture": "#0", "uv": [ 0.0, 0.0, 3.0, 14.0 ] },
                "down": { "texture": "#0", "uv": [ 0.0, 0.0, 3.0, 14.0 ] }
            }
        },
        {
            "name": "Cube",
            "from": [ 5.5, 2.0, 5.0 ], 
            "to": [ 10.5, 3.0, 11.0 ], 
            "faces": {
                "north": { "texture": "#1", "uv": [ 0.0, 0.0, 16.0, 1.0 ] },
                "east": { "texture": "#1", "uv": [ 0.0, 0.0, 14.0, 1.0 ] },
                "south": { "texture": "#1", "uv": [ 0.0, 0.0, 3.0, 1.0 ] },
                "west": { "texture": "#1", "uv": [ 0.0, 0.0, 14.0, 1.0 ] },
                "up": { "texture": "#1", "uv": [ 0.0, 0.0, 16.0, 16.0 ] },
                "down": { "texture": "#1", "uv": [ 0.0, 0.0, 3.0, 14.0 ] }
            }
        },
        {
            "name": "Cube",
            "from": [ 4.0, 1.0, -7.0 ], 
            "to": [ 12.0, 2.0, 8.0 ], 
            "faces": {
                "north": { "texture": "#0", "uv": [ 0.0, 0.0, 3.0, 1.0 ] },
                "east": { "texture": "#0", "uv": [ 0.0, 0.0, 14.0, 1.0 ] },
                "south": { "texture": "#0", "uv": [ 0.0, 0.0, 3.0, 1.0 ] },
                "west": { "texture": "#0", "uv": [ 0.0, 0.0, 14.0, 1.0 ] },
                "up": { "texture": "#0", "uv": [ 0.0, 0.0, 3.0, 14.0 ] },
                "down": { "texture": "#0", "uv": [ 0.0, 0.0, 3.0, 14.0 ] }
            }
        },
        {
            "name": "Cube",
            "from": [ 13.5, 2.0, 3.0 ], 
            "to": [ 14.5, 9.0, 13.0 ], 
            "faces": {
                "north": { "texture": "#0", "uv": [ 0.0, 0.0, 3.0, 1.0 ] },
                "east": { "texture": "#0", "uv": [ 0.0, 0.0, 14.0, 1.0 ] },
                "south": { "texture": "#0", "uv": [ 0.0, 0.0, 3.0, 1.0 ] },
                "west": { "texture": "#0", "uv": [ 0.0, 0.0, 14.0, 1.0 ] },
                "up": { "texture": "#0", "uv": [ 0.0, 0.0, 3.0, 14.0 ] },
                "down": { "texture": "#0", "uv": [ 0.0, 0.0, 3.0, 14.0 ] }
            }
        },
        {
            "name": "Cube",
            "from": [ 5.5, 3.0, -7.5 ], 
            "to": [ 10.5, 8.0, -6.5 ], 
            "faces": {
                "north": { "texture": "#2", "uv": [ 0.0, 0.0, 16.0, 16.0 ] },
                "east": { "texture": "#2", "uv": [ 0.0, 0.0, 14.0, 1.0 ] },
                "south": { "texture": "#2", "uv": [ 0.0, 0.0, 3.0, 1.0 ] },
                "west": { "texture": "#2", "uv": [ 0.0, 0.0, 14.0, 1.0 ] },
                "up": { "texture": "#2", "uv": [ 0.0, 0.0, 3.0, 14.0 ] },
                "down": { "texture": "#2", "uv": [ 0.0, 0.0, 3.0, 14.0 ] }
            }
        },
        {
            "name": "Cube",
            "from": [ 11.5, 6.0, -7.5 ], 
            "to": [ 13.5, 8.0, -6.5 ], 
            "faces": {
                "north": { "texture": "#3", "uv": [ 0.0, 0.0, 16.0, 16.0 ] },
                "east": { "texture": "#3", "uv": [ 0.0, 0.0, 14.0, 1.0 ] },
                "south": { "texture": "#3", "uv": [ 0.0, 0.0, 3.0, 1.0 ] },
                "west": { "texture": "#3", "uv": [ 0.0, 0.0, 14.0, 1.0 ] },
                "up": { "texture": "#3", "uv": [ 0.0, 0.0, 3.0, 14.0 ] },
                "down": { "texture": "#3", "uv": [ 0.0, 0.0, 3.0, 14.0 ] }
            }
        },
        {
            "name": "Cube",
            "from": [ 6.0, 2.5, -7.6 ], 
            "to": [ 10.0, 4.5, -6.6 ], 
            "faces": {
                "north": { "texture": "#4", "uv": [ 0.0, 0.0, 16.0, 16.0 ] },
                "east": { "texture": "#4", "uv": [ 0.0, 0.0, 14.0, 1.0 ] },
                "south": { "texture": "#4", "uv": [ 0.0, 0.0, 3.0, 1.0 ] },
                "west": { "texture": "#4", "uv": [ 0.0, 0.0, 14.0, 1.0 ] },
                "up": { "texture": "#4", "uv": [ 0.0, 0.0, 3.0, 14.0 ] },
                "down": { "texture": "#4", "uv": [ 0.0, 0.0, 3.0, 14.0 ] }
            }
        },
        {
            "name": "Cube",
            "from": [ 2.5, 6.0, -7.5 ], 
            "to": [ 4.5, 8.0, -6.5 ], 
            "faces": {
                "north": { "texture": "#3", "uv": [ 0.0, 0.0, 3.0, 1.0 ] },
                "east": { "texture": "#3", "uv": [ 0.0, 0.0, 14.0, 1.0 ] },
                "south": { "texture": "#3", "uv": [ 0.0, 0.0, 3.0, 1.0 ] },
                "west": { "texture": "#3", "uv": [ 0.0, 0.0, 14.0, 1.0 ] },
                "up": { "texture": "#3", "uv": [ 0.0, 0.0, 3.0, 14.0 ] },
                "down": { "texture": "#3", "uv": [ 0.0, 0.0, 3.0, 14.0 ] }
            }
        },
        {
            "name": "Cube",
            "from": [ 2.5, 6.0, 22.5 ], 
            "to": [ 4.5, 8.0, 23.5 ], 
            "faces": {
                "north": { "texture": "#5", "uv": [ 0.0, 0.0, 3.0, 1.0 ] },
                "east": { "texture": "#5", "uv": [ 0.0, 0.0, 14.0, 1.0 ] },
                "south": { "texture": "#5", "uv": [ 0.0, 0.0, 3.0, 1.0 ] },
                "west": { "texture": "#5", "uv": [ 0.0, 0.0, 14.0, 1.0 ] },
                "up": { "texture": "#5", "uv": [ 0.0, 0.0, 3.0, 14.0 ] },
                "down": { "texture": "#5", "uv": [ 0.0, 0.0, 3.0, 14.0 ] }
            }
        },
        {
            "name": "Cube",
            "from": [ 11.5, 6.0, 22.5 ], 
            "to": [ 13.5, 8.0, 23.5 ], 
            "faces": {
                "north": { "texture": "#5", "uv": [ 0.0, 0.0, 3.0, 1.0 ] },
                "east": { "texture": "#5", "uv": [ 0.0, 0.0, 14.0, 1.0 ] },
                "south": { "texture": "#5", "uv": [ 0.0, 0.0, 3.0, 1.0 ] },
                "west": { "texture": "#5", "uv": [ 0.0, 0.0, 14.0, 1.0 ] },
                "up": { "texture": "#5", "uv": [ 0.0, 0.0, 3.0, 14.0 ] },
                "down": { "texture": "#5", "uv": [ 0.0, 0.0, 3.0, 14.0 ] }
            }
        },
        {
            "name": "Cube",
            "from": [ 1.5, 1.0, -7.5 ], 
            "to": [ 14.5, 3.0, -6.5 ], 
            "faces": {
                "north": { "texture": "#2", "uv": [ 0.0, 0.0, 16.0, 16.0 ] },
                "east": { "texture": "#2", "uv": [ 0.0, 0.0, 3.0, 16.0 ] },
                "south": { "texture": "#2", "uv": [ 0.0, 0.0, 3.0, 1.0 ] },
                "west": { "texture": "#2", "uv": [ 3.0, 0.0, 0.0, 16.0 ] },
                "up": { "texture": "#2", "uv": [ 0.0, 0.0, 3.0, 14.0 ] },
                "down": { "texture": "#2", "uv": [ 0.0, 0.0, 3.0, 14.0 ] }
            }
        },
        {
            "name": "Cube",
            "from": [ 1.5, 2.0, 3.0 ], 
            "to": [ 2.5, 9.0, 13.0 ], 
            "faces": {
                "north": { "texture": "#0", "uv": [ 0.0, 0.0, 3.0, 1.0 ] },
                "east": { "texture": "#0", "uv": [ 0.0, 0.0, 14.0, 1.0 ] },
                "south": { "texture": "#0", "uv": [ 0.0, 0.0, 3.0, 1.0 ] },
                "west": { "texture": "#0", "uv": [ 0.0, 0.0, 14.0, 1.0 ] },
                "up": { "texture": "#0", "uv": [ 0.0, 0.0, 3.0, 14.0 ] },
                "down": { "texture": "#0", "uv": [ 0.0, 0.0, 3.0, 14.0 ] }
            }
        },
        {
            "name": "Cube",
            "from": [ 1.0, 7.0, 10.0 ], 
            "to": [ 1.5, 7.5, 12.0 ], 
            "faces": {
                "north": { "texture": "#6", "uv": [ 0.0, 0.0, 3.0, 1.0 ] },
                "east": { "texture": "#6", "uv": [ 0.0, 0.0, 14.0, 1.0 ] },
                "south": { "texture": "#6", "uv": [ 0.0, 0.0, 3.0, 1.0 ] },
                "west": { "texture": "#6", "uv": [ 0.0, 0.0, 14.0, 1.0 ] },
                "up": { "texture": "#6", "uv": [ 0.0, 0.0, 3.0, 14.0 ] },
                "down": { "texture": "#6", "uv": [ 0.0, 0.0, 3.0, 14.0 ] }
            }
        },
        {
            "name": "Cube",
            "from": [ 14.5, 7.0, 10.0 ], 
            "to": [ 15.0, 7.5, 12.0 ], 
            "faces": {
                "north": { "texture": "#6", "uv": [ 0.0, 0.0, 3.0, 1.0 ] },
                "east": { "texture": "#6", "uv": [ 0.0, 0.0, 14.0, 1.0 ] },
                "south": { "texture": "#6", "uv": [ 0.0, 0.0, 3.0, 1.0 ] },
                "west": { "texture": "#6", "uv": [ 0.0, 0.0, 14.0, 1.0 ] },
                "up": { "texture": "#6", "uv": [ 0.0, 0.0, 3.0, 14.0 ] },
                "down": { "texture": "#6", "uv": [ 0.0, 0.0, 3.0, 14.0 ] }
            }
        },
        {
            "name": "Cube",
            "from": [ 4.0, 1.0, 8.0 ], 
            "to": [ 12.0, 2.0, 23.0 ], 
            "faces": {
                "north": { "texture": "#0", "uv": [ 0.0, 0.0, 3.0, 1.0 ] },
                "east": { "texture": "#0", "uv": [ 0.0, 0.0, 14.0, 1.0 ] },
                "south": { "texture": "#0", "uv": [ 0.0, 0.0, 3.0, 1.0 ] },
                "west": { "texture": "#0", "uv": [ 0.0, 0.0, 14.0, 1.0 ] },
                "up": { "texture": "#0", "uv": [ 0.0, 0.0, 3.0, 14.0 ] },
                "down": { "texture": "#0", "uv": [ 0.0, 0.0, 3.0, 14.0 ] }
            }
        },
        {
            "name": "Cube",
            "from": [ 5.5, 4.0, 11.5 ], 
            "to": [ 10.5, 12.0, 12.5 ], 
            "rotation": { "origin": [ 8.0, 8.0, 8.0 ], "axis": "x", "angle": 22.5 },
            "faces": {
                "north": { "texture": "#1", "uv": [ 0.0, 0.0, 16.0, 16.0 ] },
                "east": { "texture": "#1", "uv": [ 0.0, 0.0, 14.0, 1.0 ] },
                "south": { "texture": "#1", "uv": [ 0.0, 0.0, 3.0, 1.0 ] },
                "west": { "texture": "#1", "uv": [ 0.0, 0.0, 14.0, 1.0 ] },
                "up": { "texture": "#1", "uv": [ 0.0, 0.0, 3.0, 14.0 ] },
                "down": { "texture": "#1", "uv": [ 0.0, 0.0, 3.0, 14.0 ] }
            }
        },
        {
            "name": "Cube",
            "from": [ 11.0, 2.0, 5.0 ], 
            "to": [ 12.5, 3.0, 9.0 ], 
            "faces": {
                "north": { "texture": "#6", "uv": [ 0.0, 0.0, 3.0, 1.0 ] },
                "east": { "texture": "#6", "uv": [ 0.0, 0.0, 14.0, 1.0 ] },
                "south": { "texture": "#6", "uv": [ 0.0, 0.0, 3.0, 1.0 ] },
                "west": { "texture": "#6", "uv": [ 0.0, 0.0, 14.0, 1.0 ] },
                "up": { "texture": "#6", "uv": [ 0.0, 0.0, 3.0, 14.0 ] },
                "down": { "texture": "#6", "uv": [ 0.0, 0.0, 3.0, 14.0 ] }
            }
        },
        {
            "name": "Cube",
            "from": [ 11.5, 3.5, 5.0 ], 
            "to": [ 12.0, 5.5, 5.5 ], 
            "rotation": { "origin": [ 8.0, 8.0, 8.0 ], "axis": "x", "angle": -22.5 },
            "faces": {
                "north": { "texture": "#2", "uv": [ 0.0, 0.0, 3.0, 1.0 ] },
                "east": { "texture": "#2", "uv": [ 0.0, 0.0, 14.0, 1.0 ] },
                "south": { "texture": "#2", "uv": [ 0.0, 0.0, 3.0, 1.0 ] },
                "west": { "texture": "#2", "uv": [ 0.0, 0.0, 14.0, 1.0 ] },
                "up": { "texture": "#2", "uv": [ 0.0, 0.0, 3.0, 14.0 ] },
                "down": { "texture": "#2", "uv": [ 0.0, 0.0, 3.0, 14.0 ] }
            }
        },
        {
            "name": "Cube",
            "from": [ 6.0, 6.0, 3.5 ], 
            "to": [ 10.0, 6.5, 4.0 ], 
            "faces": {
                "north": { "texture": "#6", "uv": [ 0.0, 0.0, 3.0, 1.0 ] },
                "east": { "texture": "#6", "uv": [ 0.0, 0.0, 14.0, 1.0 ] },
                "south": { "texture": "#6", "uv": [ 0.0, 0.0, 3.0, 1.0 ] },
                "west": { "texture": "#6", "uv": [ 0.0, 0.0, 14.0, 1.0 ] },
                "up": { "texture": "#6", "uv": [ 0.0, 0.0, 3.0, 14.0 ] },
                "down": { "texture": "#6", "uv": [ 0.0, 0.0, 3.0, 14.0 ] }
            }
        },
        {
            "name": "Cube",
            "from": [ 6.0, 9.0, 3.5 ], 
            "to": [ 10.0, 9.5, 4.0 ], 
            "faces": {
                "north": { "texture": "#6", "uv": [ 0.0, 0.0, 3.0, 1.0 ] },
                "east": { "texture": "#6", "uv": [ 0.0, 0.0, 14.0, 1.0 ] },
                "south": { "texture": "#6", "uv": [ 0.0, 0.0, 3.0, 1.0 ] },
                "west": { "texture": "#6", "uv": [ 0.0, 0.0, 14.0, 1.0 ] },
                "up": { "texture": "#6", "uv": [ 0.0, 0.0, 3.0, 14.0 ] },
                "down": { "texture": "#6", "uv": [ 0.0, 0.0, 3.0, 14.0 ] }
            }
        },
        {
            "name": "Cube",
            "from": [ 6.0, 6.0, 3.5 ], 
            "to": [ 6.5, 9.0, 4.0 ], 
            "faces": {
                "north": { "texture": "#6", "uv": [ 0.0, 0.0, 3.0, 1.0 ] },
                "east": { "texture": "#6", "uv": [ 0.0, 0.0, 14.0, 1.0 ] },
                "south": { "texture": "#6", "uv": [ 0.0, 0.0, 3.0, 1.0 ] },
                "west": { "texture": "#6", "uv": [ 0.0, 0.0, 14.0, 1.0 ] },
                "up": { "texture": "#6", "uv": [ 0.0, 0.0, 3.0, 14.0 ] },
                "down": { "texture": "#6", "uv": [ 0.0, 0.0, 3.0, 14.0 ] }
            }
        },
        {
            "name": "Cube",
            "from": [ 9.5, 6.0, 3.5 ], 
            "to": [ 10.0, 9.0, 4.0 ], 
            "faces": {
                "north": { "texture": "#6", "uv": [ 0.0, 0.0, 3.0, 1.0 ] },
                "east": { "texture": "#6", "uv": [ 0.0, 0.0, 14.0, 1.0 ] },
                "south": { "texture": "#6", "uv": [ 0.0, 0.0, 3.0, 1.0 ] },
                "west": { "texture": "#6", "uv": [ 0.0, 0.0, 14.0, 1.0 ] },
                "up": { "texture": "#6", "uv": [ 0.0, 0.0, 3.0, 14.0 ] },
                "down": { "texture": "#6", "uv": [ 0.0, 0.0, 3.0, 14.0 ] }
            }
        },
        {
            "name": "Cube",
            "from": [ 6.0, 7.5, 3.5 ], 
            "to": [ 10.0, 8.0, 4.0 ], 
            "faces": {
                "north": { "texture": "#6", "uv": [ 0.0, 0.0, 3.0, 1.0 ] },
                "east": { "texture": "#6", "uv": [ 0.0, 0.0, 14.0, 1.0 ] },
                "south": { "texture": "#6", "uv": [ 0.0, 0.0, 3.0, 1.0 ] },
                "west": { "texture": "#6", "uv": [ 0.0, 0.0, 14.0, 1.0 ] },
                "up": { "texture": "#6", "uv": [ 0.0, 0.0, 3.0, 14.0 ] },
                "down": { "texture": "#6", "uv": [ 0.0, 0.0, 3.0, 14.0 ] }
            }
        },
        {
            "name": "Cube",
            "from": [ 7.75, 6.0, 3.5 ], 
            "to": [ 8.25, 8.0, 4.0 ], 
            "faces": {
                "north": { "texture": "#6", "uv": [ 0.0, 0.0, 3.0, 1.0 ] },
                "east": { "texture": "#6", "uv": [ 0.0, 0.0, 14.0, 1.0 ] },
                "south": { "texture": "#6", "uv": [ 0.0, 0.0, 3.0, 1.0 ] },
                "west": { "texture": "#6", "uv": [ 0.0, 0.0, 14.0, 1.0 ] },
                "up": { "texture": "#6", "uv": [ 0.0, 0.0, 3.0, 14.0 ] },
                "down": { "texture": "#6", "uv": [ 0.0, 0.0, 3.0, 14.0 ] }
            }
        },
        {
            "name": "Cube",
            "from": [ 7.75, 7.5, 3.0 ], 
            "to": [ 8.25, 8.0, 3.5 ], 
            "faces": {
                "north": { "texture": "#6", "uv": [ 0.0, 0.0, 3.0, 1.0 ] },
                "east": { "texture": "#6", "uv": [ 0.0, 0.0, 14.0, 1.0 ] },
                "south": { "texture": "#6", "uv": [ 0.0, 0.0, 3.0, 1.0 ] },
                "west": { "texture": "#6", "uv": [ 0.0, 0.0, 14.0, 1.0 ] },
                "up": { "texture": "#6", "uv": [ 0.0, 0.0, 3.0, 14.0 ] },
                "down": { "texture": "#6", "uv": [ 0.0, 0.0, 3.0, 14.0 ] }
            }
        },
        {
            "name": "Cube",
            "from": [ 3.0, 7.0, 2.2 ], 
            "to": [ 8.0, 16.0, 2.7 ], 
            "rotation": { "origin": [ 8.0, 10.0, 2.0 ], "axis": "x", "angle": 22.5 },
            "faces": {
                "north": { "texture": "#7", "uv": [ 1.0, 1.0, 15.0, 15.0 ] },
                "east": { "texture": "#7", "uv": [ 0.0, 0.0, 14.0, 1.0 ] },
                "south": { "texture": "#7", "uv": [ 1.0, 1.0, 15.0, 15.0 ] },
                "west": { "texture": "#7", "uv": [ 0.0, 0.0, 14.0, 1.0 ] },
                "up": { "texture": "#7", "uv": [ 0.0, 0.0, 3.0, 14.0 ] },
                "down": { "texture": "#7", "uv": [ 0.0, 0.0, 3.0, 14.0 ] }
            }
        },
        {
            "name": "Cube",
            "from": [ 13.2, 9.0, 2.7 ], 
            "to": [ 13.7, 11.8, 4.800000000000001 ], 
            "faces": {
                "north": { "texture": "#7", "uv": [ 0.0, 0.0, 3.0, 1.0 ] },
                "east": { "texture": "#7", "uv": [ 1.0, 1.0, 15.0, 15.0 ] },
                "south": { "texture": "#7", "uv": [ 1.0, 5.0, 4.0, 6.0 ] },
                "west": { "texture": "#7", "uv": [ 1.0, 1.0, 15.0, 15.0 ] },
                "up": { "texture": "#7", "uv": [ 0.0, 0.0, 3.0, 14.0 ] },
                "down": { "texture": "#7", "uv": [ 0.0, 0.0, 3.0, 14.0 ] }
            }
        },
        {
            "name": "Cube",
            "from": [ 13.2, 11.6, 3.8 ], 
            "to": [ 13.7, 14.6, 4.8 ], 
            "faces": {
                "north": { "texture": "#7", "uv": [ 0.0, 0.0, 0.5, 3.0 ] },
                "east": { "texture": "#7", "uv": [ 1.0, 1.0, 7.0, 15.0 ] },
                "south": { "texture": "#7", "uv": [ 0.0, 0.0, 3.0, 1.0 ] },
                "west": { "texture": "#7", "uv": [ 0.0, 0.0, 7.0, 15.0 ] },
                "up": { "texture": "#7", "uv": [ 0.0, 0.0, 3.0, 14.0 ] },
                "down": { "texture": "#7", "uv": [ 0.0, 0.0, 3.0, 14.0 ] }
            }
        },
        {
            "name": "Cube",
            "from": [ 13.2, 9.0, 4.699999999999999 ], 
            "to": [ 13.7, 15.6, 10.5 ], 
            "faces": {
                "north": { "texture": "#7", "uv": [ 0.0, 0.0, 3.0, 1.0 ] },
                "east": { "texture": "#7", "uv": [ 1.0, 1.0, 15.0, 15.0 ] },
                "south": { "texture": "#7", "uv": [ 0.0, 0.0, 3.0, 1.0 ] },
                "west": { "texture": "#7", "uv": [ 1.0, 1.0, 15.0, 15.0 ] },
                "up": { "texture": "#7", "uv": [ 0.0, 0.0, 3.0, 14.0 ] },
                "down": { "texture": "#7", "uv": [ 0.0, 0.0, 3.0, 14.0 ] }
            }
        },
        {
            "name": "Cube",
            "from": [ 8.0, 7.0, 2.2 ], 
            "to": [ 13.0, 16.0, 3.7 ], 
            "rotation": { "origin": [ 8.0, 10.0, 2.0 ], "axis": "x", "angle": 22.5 },
            "faces": {
                "north": { "texture": "#7", "uv": [ 1.0, 1.0, 15.0, 15.0 ] },
                "east": { "texture": "#7", "uv": [ 0.0, 0.0, 14.0, 1.0 ] },
                "south": { "texture": "#7", "uv": [ 1.0, 1.0, 15.0, 15.0 ] },
                "west": { "texture": "#7", "uv": [ 0.0, 0.0, 14.0, 1.0 ] },
                "up": { "texture": "#7", "uv": [ 0.0, 0.0, 3.0, 14.0 ] },
                "down": { "texture": "#7", "uv": [ 0.0, 0.0, 3.0, 14.0 ] }
            }
        },
        {
            "name": "Cube",
            "from": [ 13.2, 9.0, 10.5 ], 
            "to": [ 13.7, 15.6, 16.25 ], 
            "faces": {
                "north": { "texture": "#7", "uv": [ 0.0, 0.0, 3.0, 1.0 ] },
                "east": { "texture": "#7", "uv": [ 1.0, 1.0, 15.0, 15.0 ] },
                "south": { "texture": "#7", "uv": [ 0.0, 0.0, 3.0, 1.0 ] },
                "west": { "texture": "#7", "uv": [ 1.0, 1.0, 15.0, 15.0 ] },
                "up": { "texture": "#7", "uv": [ 0.0, 0.0, 3.0, 14.0 ] },
                "down": { "texture": "#7", "uv": [ 0.0, 0.0, 3.0, 14.0 ] }
            }
        },
        {
            "name": "Cube",
            "from": [ 2.0, 7.0, 18.0 ], 
            "to": [ 3.0, 16.0, 19.0 ], 
            "rotation": { "origin": [ 8.0, 10.0, 19.0 ], "axis": "x", "angle": -22.5 },
            "faces": {
                "north": { "texture": "#0", "uv": [ 0.0, 0.0, 3.0, 1.0 ] },
                "east": { "texture": "#0", "uv": [ 0.0, 0.0, 14.0, 1.0 ] },
                "south": { "texture": "#0", "uv": [ 0.0, 0.0, 3.0, 1.0 ] },
                "west": { "texture": "#0", "uv": [ 0.0, 0.0, 14.0, 1.0 ] },
                "up": { "texture": "#0", "uv": [ 0.0, 0.0, 3.0, 14.0 ] },
                "down": { "texture": "#0", "uv": [ 0.0, 0.0, 3.0, 14.0 ] }
            }
        },
        {
            "name": "Cube",
            "from": [ 2.1999999999999993, 9.0, 2.7 ], 
            "to": [ 2.6999999999999993, 11.8, 4.800000000000001 ], 
            "faces": {
                "north": { "texture": "#7", "uv": [ 0.0, 0.0, 3.0, 1.0 ] },
                "east": { "texture": "#7", "uv": [ 1.0, 1.0, 15.0, 15.0 ] },
                "south": { "texture": "#7", "uv": [ 1.0, 5.0, 4.0, 6.0 ] },
                "west": { "texture": "#7", "uv": [ 1.0, 1.0, 15.0, 15.0 ] },
                "up": { "texture": "#7", "uv": [ 0.0, 0.0, 3.0, 14.0 ] },
                "down": { "texture": "#7", "uv": [ 0.0, 0.0, 3.0, 14.0 ] }
            }
        },
        {
            "name": "Cube",
            "from": [ 2.1999999999999993, 11.6, 3.8 ], 
            "to": [ 2.6999999999999993, 14.6, 4.8 ], 
            "faces": {
                "north": { "texture": "#7", "uv": [ 0.0, 0.0, 0.5, 3.0 ] },
                "east": { "texture": "#7", "uv": [ 1.0, 1.0, 7.0, 15.0 ] },
                "south": { "texture": "#7", "uv": [ 0.0, 0.0, 3.0, 1.0 ] },
                "west": { "texture": "#7", "uv": [ 0.0, 0.0, 7.0, 15.0 ] },
                "up": { "texture": "#7", "uv": [ 0.0, 0.0, 3.0, 14.0 ] },
                "down": { "texture": "#7", "uv": [ 0.0, 0.0, 3.0, 14.0 ] }
            }
        },
        {
            "name": "Cube",
            "from": [ 2.1999999999999993, 9.0, 4.699999999999999 ], 
            "to": [ 2.6999999999999993, 15.6, 10.5 ], 
            "faces": {
                "north": { "texture": "#7", "uv": [ 0.0, 0.0, 3.0, 1.0 ] },
                "east": { "texture": "#7", "uv": [ 1.0, 1.0, 15.0, 15.0 ] },
                "south": { "texture": "#7", "uv": [ 0.0, 0.0, 3.0, 1.0 ] },
                "west": { "texture": "#7", "uv": [ 1.0, 1.0, 15.0, 15.0 ] },
                "up": { "texture": "#7", "uv": [ 0.0, 0.0, 3.0, 14.0 ] },
                "down": { "texture": "#7", "uv": [ 0.0, 0.0, 3.0, 14.0 ] }
            }
        },
        {
            "name": "Cube",
            "from": [ 2.1999999999999993, 9.0, 10.5 ], 
            "to": [ 2.6999999999999993, 15.6, 16.25 ], 
            "faces": {
                "north": { "texture": "#7", "uv": [ 0.0, 0.0, 3.0, 1.0 ] },
                "east": { "texture": "#7", "uv": [ 1.0, 1.0, 15.0, 15.0 ] },
                "south": { "texture": "#7", "uv": [ 0.0, 0.0, 3.0, 1.0 ] },
                "west": { "texture": "#7", "uv": [ 1.0, 1.0, 15.0, 15.0 ] },
                "up": { "texture": "#7", "uv": [ 0.0, 0.0, 3.0, 14.0 ] },
                "down": { "texture": "#7", "uv": [ 0.0, 0.0, 3.0, 14.0 ] }
            }
        },
        {
            "name": "Cube",
            "from": [ 13.2, 9.0, 16.2 ], 
            "to": [ 13.7, 11.8, 18.3 ], 
            "faces": {
                "north": { "texture": "#7", "uv": [ 0.0, 0.0, 3.0, 1.0 ] },
                "east": { "texture": "#7", "uv": [ 1.0, 1.0, 15.0, 15.0 ] },
                "south": { "texture": "#7", "uv": [ 1.0, 5.0, 4.0, 6.0 ] },
                "west": { "texture": "#7", "uv": [ 1.0, 1.0, 15.0, 15.0 ] },
                "up": { "texture": "#7", "uv": [ 0.0, 0.0, 3.0, 14.0 ] },
                "down": { "texture": "#7", "uv": [ 0.0, 0.0, 3.0, 14.0 ] }
            }
        },
        {
            "name": "Cube",
            "from": [ 2.1999999999999993, 9.0, 16.2 ], 
            "to": [ 2.6999999999999993, 11.8, 18.3 ], 
            "faces": {
                "north": { "texture": "#7", "uv": [ 0.0, 0.0, 3.0, 1.0 ] },
                "east": { "texture": "#7", "uv": [ 1.0, 1.0, 15.0, 15.0 ] },
                "south": { "texture": "#7", "uv": [ 1.0, 5.0, 4.0, 6.0 ] },
                "west": { "texture": "#7", "uv": [ 1.0, 1.0, 15.0, 15.0 ] },
                "up": { "texture": "#7", "uv": [ 0.0, 0.0, 3.0, 14.0 ] },
                "down": { "texture": "#7", "uv": [ 0.0, 0.0, 3.0, 14.0 ] }
            }
        },
        {
            "name": "Cube",
            "from": [ 13.2, 11.6, 16.2 ], 
            "to": [ 13.7, 14.6, 17.2 ], 
            "faces": {
                "north": { "texture": "#7", "uv": [ 0.0, 0.0, 0.5, 3.0 ] },
                "east": { "texture": "#7", "uv": [ 1.0, 1.0, 7.0, 15.0 ] },
                "south": { "texture": "#7", "uv": [ 0.0, 0.0, 3.0, 1.0 ] },
                "west": { "texture": "#7", "uv": [ 0.0, 0.0, 7.0, 15.0 ] },
                "up": { "texture": "#7", "uv": [ 0.0, 0.0, 3.0, 14.0 ] },
                "down": { "texture": "#7", "uv": [ 0.0, 0.0, 3.0, 14.0 ] }
            }
        },
        {
            "name": "Cube",
            "from": [ 2.1999999999999993, 11.6, 16.2 ], 
            "to": [ 2.6999999999999993, 14.6, 17.2 ], 
            "faces": {
                "north": { "texture": "#7", "uv": [ 0.0, 0.0, 0.5, 3.0 ] },
                "east": { "texture": "#7", "uv": [ 1.0, 1.0, 7.0, 15.0 ] },
                "south": { "texture": "#7", "uv": [ 0.0, 0.0, 3.0, 1.0 ] },
                "west": { "texture": "#7", "uv": [ 0.0, 0.0, 7.0, 15.0 ] },
                "up": { "texture": "#7", "uv": [ 0.0, 0.0, 3.0, 14.0 ] },
                "down": { "texture": "#7", "uv": [ 0.0, 0.0, 3.0, 14.0 ] }
            }
        },
        {
            "name": "Cube",
            "from": [ 8.0, 7.0, 18.2 ], 
            "to": [ 13.0, 16.0, 18.7 ], 
            "rotation": { "origin": [ 8.0, 10.0, 19.0 ], "axis": "x", "angle": -22.5 },
            "faces": {
                "north": { "texture": "#7", "uv": [ 1.0, 1.0, 15.0, 15.0 ] },
                "east": { "texture": "#7", "uv": [ 0.0, 0.0, 14.0, 1.0 ] },
                "south": { "texture": "#7", "uv": [ 1.0, 1.0, 15.0, 15.0 ] },
                "west": { "texture": "#7", "uv": [ 0.0, 0.0, 14.0, 1.0 ] },
                "up": { "texture": "#7", "uv": [ 0.0, 0.0, 3.0, 14.0 ] },
                "down": { "texture": "#7", "uv": [ 0.0, 0.0, 3.0, 14.0 ] }
            }
        },
        {
            "name": "Cube",
            "from": [ 3.0, 7.0, 18.2 ], 
            "to": [ 8.0, 16.0, 18.7 ], 
            "rotation": { "origin": [ 8.0, 10.0, 19.0 ], "axis": "x", "angle": -22.5 },
            "faces": {
                "north": { "texture": "#7", "uv": [ 1.0, 1.0, 15.0, 15.0 ] },
                "east": { "texture": "#7", "uv": [ 0.0, 0.0, 14.0, 1.0 ] },
                "south": { "texture": "#7", "uv": [ 1.0, 1.0, 15.0, 15.0 ] },
                "west": { "texture": "#7", "uv": [ 0.0, 0.0, 14.0, 1.0 ] },
                "up": { "texture": "#7", "uv": [ 0.0, 0.0, 3.0, 14.0 ] },
                "down": { "texture": "#7", "uv": [ 0.0, 0.0, 3.0, 14.0 ] }
            }
        },
        {
            "name": "Cube",
            "from": [ 1.5, 1.0, 22.5 ], 
            "to": [ 14.5, 3.0, 23.5 ], 
            "faces": {
                "north": { "texture": "#2", "uv": [ 0.0, 0.0, 16.0, 16.0 ] },
                "east": { "texture": "#2", "uv": [ 0.0, 0.0, 3.0, 16.0 ] },
                "south": { "texture": "#2", "uv": [ 0.0, 0.0, 16.0, 16.0 ] },
                "west": { "texture": "#2", "uv": [ 3.0, 0.0, 0.0, 16.0 ] },
                "up": { "texture": "#2", "uv": [ 0.0, 0.0, 3.0, 14.0 ] },
                "down": { "texture": "#2", "uv": [ 0.0, 0.0, 3.0, 14.0 ] }
            }
        },
        {
            "name": "Cube",
            "from": [ 6.0, 3.5, 22.2 ], 
            "to": [ 10.0, 5.5, 23.2 ], 
            "faces": {
                "north": { "texture": "#4", "uv": [ 0.0, 0.0, 16.0, 16.0 ] },
                "east": { "texture": "#4", "uv": [ 0.0, 0.0, 14.0, 1.0 ] },
                "south": { "texture": "#4", "uv": [ 0.0, 16.0, 16.0, 0.0 ] },
                "west": { "texture": "#4", "uv": [ 0.0, 0.0, 14.0, 1.0 ] },
                "up": { "texture": "#4", "uv": [ 0.0, 0.0, 3.0, 14.0 ] },
                "down": { "texture": "#4", "uv": [ 0.0, 0.0, 3.0, 14.0 ] }
            }
        },
        {
            "name": "Cube",
            "from": [ 0.5, 8.5, 1.0 ], 
            "to": [ 2.0, 10.0, 2.0 ], 
            "faces": {
                "north": { "texture": "#0", "uv": [ 0.0, 0.0, 3.0, 1.0 ] },
                "east": { "texture": "#0", "uv": [ 0.0, 0.0, 14.0, 1.0 ] },
                "south": { "texture": "#0", "uv": [ 0.0, 0.0, 3.0, 1.0 ] },
                "west": { "texture": "#0", "uv": [ 0.0, 0.0, 14.0, 1.0 ] },
                "up": { "texture": "#0", "uv": [ 0.0, 0.0, 3.0, 14.0 ] },
                "down": { "texture": "#0", "uv": [ 0.0, 0.0, 3.0, 14.0 ] }
            }
        },
        {
            "name": "Cube",
            "from": [ 14.0, 8.5, 1.0 ], 
            "to": [ 15.5, 10.0, 2.0 ], 
            "faces": {
                "north": { "texture": "#0", "uv": [ 0.0, 0.0, 3.0, 1.0 ] },
                "east": { "texture": "#0", "uv": [ 0.0, 0.0, 14.0, 1.0 ] },
                "south": { "texture": "#0", "uv": [ 0.0, 0.0, 3.0, 1.0 ] },
                "west": { "texture": "#0", "uv": [ 0.0, 0.0, 14.0, 1.0 ] },
                "up": { "texture": "#0", "uv": [ 0.0, 0.0, 3.0, 14.0 ] },
                "down": { "texture": "#0", "uv": [ 0.0, 0.0, 3.0, 14.0 ] }
            }
        },
        {
            "name": "Cube",
            "from": [ 0.5, 8.5, 2.0 ], 
            "to": [ 2.0, 10.0, 2.1 ], 
            "faces": {
                "north": { "texture": "#4", "uv": [ 0.0, 0.0, 3.0, 1.0 ] },
                "east": { "texture": "#4", "uv": [ 0.0, 0.0, 14.0, 1.0 ] },
                "south": { "texture": "#4", "uv": [ 0.0, 0.0, 3.0, 1.0 ] },
                "west": { "texture": "#4", "uv": [ 0.0, 0.0, 14.0, 1.0 ] },
                "up": { "texture": "#4", "uv": [ 0.0, 0.0, 3.0, 14.0 ] },
                "down": { "texture": "#4", "uv": [ 0.0, 0.0, 3.0, 14.0 ] }
            }
        },
        {
            "name": "Cube",
            "from": [ 14.0, 8.5, 2.0 ], 
            "to": [ 15.5, 10.0, 2.1 ], 
            "faces": {
                "north": { "texture": "#4", "uv": [ 0.0, 0.0, 3.0, 1.0 ] },
                "east": { "texture": "#4", "uv": [ 0.0, 0.0, 14.0, 1.0 ] },
                "south": { "texture": "#4", "uv": [ 0.0, 0.0, 3.0, 1.0 ] },
                "west": { "texture": "#4", "uv": [ 0.0, 0.0, 14.0, 1.0 ] },
                "up": { "texture": "#4", "uv": [ 0.0, 0.0, 3.0, 14.0 ] },
                "down": { "texture": "#4", "uv": [ 0.0, 0.0, 3.0, 14.0 ] }
            }
        }
    ],
"display": {
    "head": {
        "rotation": [ 0, 0, 0 ],
        "translation": [ 0 , -24 , 0 ],
        "scale": [ 5, 5, 5 ]
    }
}
}