{
	"credit": "Made with Blockbench, a free, modern block model editor by JannisX11",
	"textures": {
		"0": "block/black_wool",
		"1": "block/quartz_block_top",
		"2": "block/black_concrete",
		"3": "block/gray_concrete",
		"4": "block/sea_lantern",
		"5": "block/yellow_concrete",
		"7": "block/glass",
		"particle": "block/black_wool"
	},
	"elements": [
		{
			"name": "Cube",
			"from": [5.5, 2, 5],
			"to": [10.5, 3, 11],
			"faces": {
				"north": {"uv": [0, 0, 16, 16], "texture": "#0"},
				"east": {"uv": [0, 0, 16, 16], "texture": "#0"},
				"south": {"uv": [0, 0, 16, 16], "texture": "#0"},
				"west": {"uv": [0, 0, 16, 16], "texture": "#0"},
				"up": {"uv": [0, 0, 16, 16], "texture": "#0"},
				"down": {"uv": [0, 0, 16, 16], "texture": "#0"}
			},
			"type": "cube"
		},
		{
			"name": "Cube",
			"from": [5.5, 4, 11.5],
			"to": [10.5, 12, 12.5],
			"faces": {
				"north": {"uv": [0, 0, 16, 16], "texture": "#0"},
				"east": {"uv": [0, 0, 16, 16], "texture": "#0"},
				"south": {"uv": [0, 0, 16, 16], "texture": "#0"},
				"west": {"uv": [0, 0, 16, 16], "texture": "#0"},
				"up": {"uv": [0, 0, 16, 16], "texture": "#0"},
				"down": {"uv": [0, 0, 16, 16], "texture": "#0"}
			},
			"rotation": {
				"origin": [8, 8, 8],
				"axis": "x",
				"angle": 22.5
			},
			"type": "cube"
		},
		{
			"name": "Cube",
			"from": [6.300000000000001, 6, 0.5],
			"to": [9.7, 6.5, 1],
			"faces": {
				"north": {"uv": [16, 0, 0, 16], "texture": "#2"},
				"east": {"uv": [16, 0, 0, 16], "texture": "#2"},
				"south": {"uv": [16, 0, 0, 16], "texture": "#2"},
				"west": {"uv": [16, 0, 0, 16], "texture": "#2"},
				"up": {"uv": [16, 0, 0, 16], "texture": "#2"},
				"down": {"uv": [16, 0, 0, 16], "texture": "#2"}
			},
			"type": "cube"
		},
		{
			"name": "Cube",
			"from": [5.800000000000001, 6, 0.5],
			"to": [6.300000000000001, 9, 1],
			"faces": {
				"north": {"uv": [0, 0, 16, 16], "texture": "#3"},
				"east": {"uv": [0, 0, 16, 16], "texture": "#3"},
				"south": {"uv": [0, 0, 16, 16], "texture": "#3"},
				"west": {"uv": [0, 0, 16, 16], "texture": "#3"},
				"up": {"uv": [0, 0, 16, 16], "texture": "#3"},
				"down": {"uv": [0, 0, 16, 16], "texture": "#3"}
			},
			"type": "cube"
		},
		{
			"name": "Cube",
			"from": [9.7, 6, 0.5],
			"to": [10.2, 9, 1],
			"faces": {
				"north": {"uv": [0, 0, 16, 16], "texture": "#3"},
				"east": {"uv": [0, 0, 16, 16], "texture": "#3"},
				"south": {"uv": [0, 0, 16, 16], "texture": "#3"},
				"west": {"uv": [0, 0, 16, 16], "texture": "#3"},
				"up": {"uv": [0, 0, 16, 16], "texture": "#3"},
				"down": {"uv": [0, 0, 16, 16], "texture": "#3"}
			},
			"type": "cube"
		},
		{
			"name": "Cube",
			"from": [6.300000000000001, 7.5, 0.5],
			"to": [9.7, 8, 1],
			"faces": {
				"north": {"uv": [16, 0, 0, 16], "texture": "#2"},
				"east": {"uv": [16, 0, 0, 16], "texture": "#2"},
				"south": {"uv": [16, 0, 0, 16], "texture": "#2"},
				"west": {"uv": [16, 0, 0, 16], "texture": "#2"},
				"up": {"uv": [16, 0, 0, 16], "texture": "#2"},
				"down": {"uv": [16, 0, 0, 16], "texture": "#2"}
			},
			"type": "cube"
		},
		{
			"name": "Cube",
			"from": [7.75, 6, 0.5],
			"to": [8.25, 8, 1],
			"faces": {
				"north": {"uv": [0, 0, 16, 16], "texture": "#2"},
				"east": {"uv": [0, 0, 16, 16], "texture": "#2"},
				"south": {"uv": [0, 0, 16, 16], "texture": "#2"},
				"west": {"uv": [0, 0, 16, 16], "texture": "#2"},
				"up": {"uv": [0, 0, 16, 16], "texture": "#2"},
				"down": {"uv": [0, 0, 16, 16], "texture": "#2"}
			},
			"type": "cube"
		},
		{
			"name": "Cube",
			"from": [7.75, 7.5, 0],
			"to": [8.25, 8, 0.5],
			"faces": {
				"north": {"uv": [0, 0, 16, 16], "texture": "#2"},
				"east": {"uv": [0, 0, 16, 16], "texture": "#2"},
				"south": {"uv": [0, 0, 16, 16], "texture": "#2"},
				"west": {"uv": [0, 0, 16, 16], "texture": "#2"},
				"up": {"uv": [0, 0, 16, 16], "texture": "#2"},
				"down": {"uv": [0, 0, 16, 16], "texture": "#2"}
			},
			"type": "cube"
		},
		{
			"name": "Cube",
			"from": [3.4000000000000004, 7, -0.7999999999999998],
			"to": [12.6, 14.4, -0.2999999999999998],
			"faces": {
				"north": {"uv": [0, 0, 16, 16], "texture": "#7"},
				"up": {"uv": [0, 0, 16, 16], "texture": "#7"},
				"down": {"uv": [0, 0, 16, 16], "texture": "#7"}
			},
			"rotation": {
				"origin": [8, 10, -1],
				"axis": "x",
				"angle": 22.5
			},
			"type": "cube"
		},
		{
			"name": "Cube",
			"from": [12.2, 8, 0.09999999999999964],
			"to": [12.7, 11.8, 1.8000000000000007],
			"faces": {
				"east": {"uv": [1, 1, 15, 15], "texture": "#7"}
			},
			"type": "cube"
		},
		{
			"name": "Cube",
			"from": [12.2, 11.6, 0.7999999999999998],
			"to": [12.7, 13.9, 1.7999999999999998],
			"faces": {
				"east": {"uv": [1, 1, 7, 15], "texture": "#7"}
			},
			"type": "cube"
		},
		{
			"name": "Cube",
			"from": [12.2, 8, 1.6999999999999993],
			"to": [12.7, 13.5, 7.5],
			"faces": {
				"east": {"uv": [0, 0, 16, 16], "texture": "#7"}
			},
			"type": "cube"
		},
		{
			"name": "Cube",
			"from": [12.2, 8, 7.5],
			"to": [12.7, 13.5, 13.25],
			"faces": {
				"east": {"uv": [0, 0, 16, 16], "texture": "#7"}
			},
			"type": "cube"
		},
		{
			"name": "Cube",
			"from": [12, 6.999999999999998, -0.7999999999999998],
			"to": [13, 14.499999999999998, 0.20000000000000018],
			"faces": {
				"north": {"uv": [0, 0, 16, 16], "texture": "#1"},
				"east": {"uv": [0, 0, 16, 16], "texture": "#1"},
				"south": {"uv": [0, 0, 16, 16], "texture": "#1"},
				"west": {"uv": [0, 0, 16, 16], "texture": "#1"},
				"up": {"uv": [0, 0, 16, 16], "texture": "#1"},
				"down": {"uv": [0, 0, 16, 16], "texture": "#1"}
			},
			"rotation": {
				"origin": [8, 10.399999999999999, -1],
				"axis": "x",
				"angle": 22.5
			},
			"type": "cube"
		},
		{
			"name": "Cube",
			"from": [10.5, 1, -2.3000000000000007],
			"to": [15.299999999999999, 3, 19.5],
			"faces": {
				"north": {"uv": [0, 0, 16, 16], "texture": "#3"},
				"east": {"uv": [0, 0, 16, 16], "texture": "#3"},
				"south": {"uv": [0, 0, 16, 16], "texture": "#3"},
				"west": {"uv": [0, 0, 16, 16], "texture": "#3"},
				"up": {"uv": [0, 0, 16, 16], "texture": "#3"},
				"down": {"uv": [0, 0, 16, 16], "texture": "#3"}
			},
			"type": "cube"
		},
		{
			"name": "Cube",
			"from": [12.2, 3, -1.3000000000000007],
			"to": [16.7, 4.300000000000001, 20.6],
			"faces": {
				"north": {"uv": [0, 0, 16, 16], "texture": "#4"},
				"east": {"uv": [0, 0, 16, 16], "texture": "#4"},
				"south": {"uv": [0, 0, 16, 16], "texture": "#4"},
				"west": {"uv": [0, 0, 16, 16], "texture": "#4"},
				"up": {"uv": [0, 0, 16, 16], "texture": "#4"},
				"down": {"uv": [0, 0, 16, 16], "texture": "#4"}
			},
			"type": "cube"
		},
		{
			"name": "Cube",
			"from": [2.0500000000000007, 4, -5],
			"to": [13.950000000000001, 7.5, -1.1999999999999993],
			"faces": {
				"north": {"uv": [0, 0, 16, 16], "texture": "#1"},
				"east": {"uv": [0, 0, 16, 16], "texture": "#1"},
				"south": {"uv": [0, 0, 16, 16], "texture": "#1"},
				"west": {"uv": [0, 0, 16, 16], "texture": "#1"},
				"up": {"uv": [0, 0, 16, 16], "texture": "#1"},
				"down": {"uv": [0, 0, 16, 16], "texture": "#1"}
			},
			"type": "cube"
		},
		{
			"name": "Cube",
			"from": [2.75, 3, -6.800000000000001],
			"to": [13.25, 7, -4],
			"faces": {
				"north": {"uv": [0, 0, 16, 16], "texture": "#1"},
				"east": {"uv": [0, 0, 16, 16], "texture": "#1"},
				"south": {"uv": [0, 0, 16, 16], "texture": "#1"},
				"west": {"uv": [0, 0, 16, 16], "texture": "#1"},
				"up": {"uv": [0, 0, 16, 16], "texture": "#1"},
				"down": {"uv": [0, 0, 16, 16], "texture": "#1"}
			},
			"type": "cube"
		},
		{
			"name": "Cube",
			"from": [6.25, 0.5, -4.5],
			"to": [9.75, 4, -1.6999999999999993],
			"faces": {
				"north": {"uv": [0, 0, 16, 16], "texture": "#2"},
				"east": {"uv": [0, 0, 16, 16], "texture": "#2"},
				"south": {"uv": [0, 0, 16, 16], "texture": "#2"},
				"west": {"uv": [0, 0, 16, 16], "texture": "#2"},
				"up": {"uv": [0, 0, 16, 16], "texture": "#2"},
				"down": {"uv": [0, 0, 16, 16], "texture": "#2"}
			},
			"type": "cube"
		},
		{
			"name": "Cube",
			"from": [5.75, 4, -8.600000000000001],
			"to": [10.25, 6, -5.800000000000001],
			"faces": {
				"north": {"uv": [0, 0, 16, 16], "texture": "#1"},
				"east": {"uv": [0, 0, 16, 16], "texture": "#1"},
				"south": {"uv": [0, 0, 16, 16], "texture": "#1"},
				"west": {"uv": [0, 0, 16, 16], "texture": "#1"},
				"up": {"uv": [0, 0, 16, 16], "texture": "#1"},
				"down": {"uv": [0, 0, 16, 16], "texture": "#1"}
			},
			"type": "cube"
		},
		{
			"name": "Cube",
			"from": [13.2, 8.2, 2.6999999999999993],
			"to": [17.7, 9, 9.5],
			"faces": {
				"north": {"uv": [0, 0, 16, 16], "texture": "#1"},
				"east": {"uv": [0, 0, 16, 16], "texture": "#1"},
				"south": {"uv": [0, 0, 16, 16], "texture": "#1"},
				"west": {"uv": [0, 0, 16, 16], "texture": "#1"},
				"up": {"uv": [0, 0, 16, 16], "texture": "#1"},
				"down": {"uv": [0, 0, 16, 16], "texture": "#1"}
			},
			"type": "cube"
		},
		{
			"name": "Cube",
			"from": [
				12.2,
				4.300000000000001,
				-1.3000000000000007
			],
			"to": [14.7, 8.3, 13.5],
			"faces": {
				"north": {"uv": [0, 0, 16, 16], "texture": "#1"},
				"east": {"uv": [0, 0, 16, 16], "texture": "#1"},
				"south": {"uv": [0, 0, 16, 16], "texture": "#1"},
				"west": {"uv": [0, 0, 16, 16], "texture": "#1"},
				"up": {"uv": [0, 0, 16, 16], "texture": "#1"},
				"down": {"uv": [0, 0, 16, 16], "texture": "#1"}
			},
			"type": "cube"
		},
		{
			"name": "Cube",
			"from": [13.2, 4, 9.3],
			"to": [17.299999999999997, 8.6, 15.100000000000001],
			"faces": {
				"north": {"uv": [0, 0, 16, 16], "texture": "#1"},
				"east": {"uv": [0, 0, 16, 16], "texture": "#1"},
				"south": {"uv": [0, 0, 16, 16], "texture": "#1"},
				"west": {"uv": [0, 0, 16, 16], "texture": "#1"},
				"up": {"uv": [0, 0, 16, 16], "texture": "#1"},
				"down": {"uv": [0, 0, 16, 16], "texture": "#1"}
			},
			"type": "cube"
		},
		{
			"name": "Cube",
			"from": [
				13.2,
				4.199999999999999,
				15.000000000000004
			],
			"to": [16, 8, 20.800000000000004],
			"faces": {
				"north": {"uv": [0, 0, 16, 16], "texture": "#1"},
				"east": {"uv": [0, 0, 16, 16], "texture": "#1"},
				"south": {"uv": [0, 0, 16, 16], "texture": "#1"},
				"west": {"uv": [0, 0, 16, 16], "texture": "#1"},
				"up": {"uv": [0, 0, 16, 16], "texture": "#1"},
				"down": {"uv": [0, 0, 16, 16], "texture": "#1"}
			},
			"type": "cube"
		},
		{
			"name": "Cube",
			"from": [
				5.050000000000001,
				0.40000000000000036,
				-2.6999999999999993
			],
			"to": [10.95, 2, -1.1999999999999993],
			"faces": {
				"north": {"uv": [0, 0, 16, 16], "texture": "#3"},
				"east": {"uv": [0, 0, 16, 16], "texture": "#3"},
				"south": {"uv": [0, 0, 16, 16], "texture": "#3"},
				"west": {"uv": [0, 0, 16, 16], "texture": "#3"},
				"up": {"uv": [0, 0, 16, 16], "texture": "#3"},
				"down": {"uv": [0, 0, 16, 16], "texture": "#3"}
			},
			"type": "cube"
		},
		{
			"name": "Cube",
			"from": [
				3.9000000000000004,
				-0.5999999999999996,
				-1.3000000000000007
			],
			"to": [12.1, 1, 19.5],
			"faces": {
				"north": {"uv": [0, 0, 16, 16], "texture": "#3"},
				"east": {"uv": [0, 0, 16, 16], "texture": "#3"},
				"south": {"uv": [0, 0, 16, 16], "texture": "#3"},
				"west": {"uv": [0, 0, 16, 16], "texture": "#3"},
				"up": {"uv": [0, 0, 16, 16], "texture": "#3"},
				"down": {"uv": [0, 0, 16, 16], "texture": "#3"}
			},
			"type": "cube"
		},
		{
			"name": "Cube",
			"from": [2.25, 2, -4],
			"to": [13.75, 4.5, -1.1999999999999993],
			"faces": {
				"north": {"uv": [0, 0, 16, 16], "texture": "#1"},
				"east": {"uv": [0, 0, 16, 16], "texture": "#1"},
				"south": {"uv": [0, 0, 16, 16], "texture": "#1"},
				"west": {"uv": [0, 0, 16, 16], "texture": "#1"},
				"up": {"uv": [0, 0, 16, 16], "texture": "#1"},
				"down": {"uv": [0, 0, 16, 16], "texture": "#1"}
			},
			"type": "cube"
		},
		{
			"name": "Cube",
			"from": [13.350000000000001, 4.1, 9.2],
			"to": [17.55, 8.9, 9.3],
			"faces": {
				"north": {"uv": [0, 0, 16, 16], "texture": "#2"},
				"east": {"uv": [0, 0, 16, 16], "texture": "#2"},
				"south": {"uv": [0, 0, 16, 16], "texture": "#2"},
				"west": {"uv": [0, 0, 16, 16], "texture": "#2"},
				"up": {"uv": [0, 0, 16, 16], "texture": "#2"},
				"down": {"uv": [0, 0, 16, 16], "texture": "#2"}
			},
			"type": "cube"
		},
		{
			"name": "Cube",
			"from": [0, 4.199999999999999, 15.000000000000004],
			"to": [2.8000000000000007, 8, 20.800000000000004],
			"faces": {
				"north": {"uv": [16, 0, 0, 16], "texture": "#1"},
				"east": {"uv": [16, 0, 0, 16], "texture": "#1"},
				"south": {"uv": [16, 0, 0, 16], "texture": "#1"},
				"west": {"uv": [16, 0, 0, 16], "texture": "#1"},
				"up": {"uv": [16, 0, 0, 16], "texture": "#1"},
				"down": {"uv": [16, 0, 0, 16], "texture": "#1"}
			},
			"type": "cube"
		},
		{
			"name": "Cube",
			"from": [1.3000000000000007, 5, 10.5],
			"to": [3.9000000000000004, 10.7, 20.3],
			"faces": {
				"north": {"uv": [0, 0, 16, 16], "texture": "#5"},
				"east": {"uv": [0, 0, 16, 16], "texture": "#5"},
				"south": {"uv": [0, 0, 16, 16], "texture": "#5"},
				"west": {"uv": [0, 0, 16, 16], "texture": "#5"},
				"up": {"uv": [0, 0, 16, 16], "texture": "#5"},
				"down": {"uv": [0, 0, 16, 16], "texture": "#5"}
			},
			"type": "cube"
		},
		{
			"name": "Cube",
			"from": [
				1.3000000000000007,
				10.700000000000003,
				11.4
			],
			"to": [3.9000000000000004, 12.400000000000002, 17.3],
			"faces": {
				"north": {"uv": [16, 0, 0, 16], "texture": "#1"},
				"east": {"uv": [16, 0, 0, 16], "texture": "#1"},
				"south": {"uv": [16, 0, 0, 16], "texture": "#1"},
				"west": {"uv": [16, 0, 0, 16], "texture": "#1"},
				"up": {"uv": [16, 0, 0, 16], "texture": "#1"},
				"down": {"uv": [16, 0, 0, 16], "texture": "#1"}
			},
			"type": "cube"
		},
		{
			"name": "Cube",
			"from": [
				1.3000000000000007,
				12.400000000000004,
				12.5
			],
			"to": [3.9000000000000004, 14.100000000000003, 15.3],
			"faces": {
				"north": {"uv": [16, 0, 0, 16], "texture": "#1"},
				"east": {"uv": [16, 0, 0, 16], "texture": "#1"},
				"south": {"uv": [16, 0, 0, 16], "texture": "#1"},
				"west": {"uv": [16, 0, 0, 16], "texture": "#1"},
				"up": {"uv": [16, 0, 0, 16], "texture": "#1"},
				"down": {"uv": [16, 0, 0, 16], "texture": "#1"}
			},
			"type": "cube"
		},
		{
			"name": "Cube",
			"from": [3.3000000000000007, 8, 7.5],
			"to": [3.8000000000000007, 13.5, 13.25],
			"faces": {
				"west": {"uv": [0, 0, 16, 16], "texture": "#7"}
			},
			"type": "cube"
		},
		{
			"name": "Cube",
			"from": [3.3000000000000007, 8, 1.6999999999999993],
			"to": [3.8000000000000007, 13.5, 7.5],
			"faces": {
				"west": {"uv": [0, 0, 16, 16], "texture": "#7"}
			},
			"type": "cube"
		},
		{
			"name": "Cube",
			"from": [
				3.3000000000000007,
				11.6,
				0.7999999999999998
			],
			"to": [3.8000000000000007, 13.9, 1.7999999999999998],
			"faces": {
				"west": {"uv": [7, 1, 1, 15], "texture": "#7"}
			},
			"type": "cube"
		},
		{
			"name": "Cube",
			"from": [3.3000000000000007, 8, 0.09999999999999964],
			"to": [3.8000000000000007, 11.8, 1.8000000000000007],
			"faces": {
				"west": {"uv": [15, 1, 1, 15], "texture": "#7"}
			},
			"type": "cube"
		},
		{
			"name": "Cube",
			"from": [
				3.0500000000000025,
				13.200000000000001,
				0.8999999999999986
			],
			"to": [12.950000000000003, 14.000000000000002, 13.5],
			"faces": {
				"south": {"uv": [0, 0, 16, 16], "texture": "#7"},
				"up": {"uv": [0, 0, 16, 16], "texture": "#7"}
			},
			"type": "cube"
		},
		{
			"name": "Cube",
			"from": [3, 6.999999999999998, -0.7999999999999998],
			"to": [4, 14.499999999999998, 0.20000000000000018],
			"faces": {
				"north": {"uv": [16, 0, 0, 16], "texture": "#1"},
				"east": {"uv": [16, 0, 0, 16], "texture": "#1"},
				"south": {"uv": [16, 0, 0, 16], "texture": "#1"},
				"west": {"uv": [16, 0, 0, 16], "texture": "#1"},
				"up": {"uv": [16, 0, 0, 16], "texture": "#1"},
				"down": {"uv": [16, 0, 0, 16], "texture": "#1"}
			},
			"rotation": {
				"origin": [8, 10.399999999999999, -1],
				"axis": "x",
				"angle": 22.5
			},
			"type": "cube"
		},
		{
			"name": "Cube",
			"from": [
				17.2,
				3.799999999999999,
				2.6999999999999993
			],
			"to": [17.7, 8.6, 9.5],
			"faces": {
				"north": {"uv": [0, 0, 16, 16], "texture": "#1"},
				"east": {"uv": [0, 0, 16, 16], "texture": "#1"},
				"south": {"uv": [0, 0, 16, 16], "texture": "#1"},
				"west": {"uv": [0, 0, 16, 16], "texture": "#1"},
				"up": {"uv": [0, 0, 16, 16], "texture": "#1"},
				"down": {"uv": [0, 0, 16, 16], "texture": "#1"}
			},
			"type": "cube"
		},
		{
			"name": "Cube",
			"from": [
				13.2,
				3.799999999999999,
				2.6999999999999993
			],
			"to": [17.7, 4.6, 9.5],
			"faces": {
				"north": {"uv": [0, 0, 16, 16], "texture": "#1"},
				"east": {"uv": [0, 0, 16, 16], "texture": "#1"},
				"south": {"uv": [0, 0, 16, 16], "texture": "#1"},
				"west": {"uv": [0, 0, 16, 16], "texture": "#1"},
				"up": {"uv": [0, 0, 16, 16], "texture": "#1"},
				"down": {"uv": [0, 0, 16, 16], "texture": "#1"}
			},
			"type": "cube"
		},
		{
			"name": "Cube",
			"from": [
				-1.6999999999999993,
				3.799999999999999,
				2.6999999999999993
			],
			"to": [-1.1999999999999993, 8.6, 9.5],
			"faces": {
				"north": {"uv": [16, 0, 0, 16], "texture": "#1"},
				"east": {"uv": [16, 0, 0, 16], "texture": "#1"},
				"south": {"uv": [16, 0, 0, 16], "texture": "#1"},
				"west": {"uv": [16, 0, 0, 16], "texture": "#1"},
				"up": {"uv": [16, 0, 0, 16], "texture": "#1"},
				"down": {"uv": [16, 0, 0, 16], "texture": "#1"}
			},
			"type": "cube"
		},
		{
			"name": "Cube",
			"from": [
				-1.6999999999999993,
				8.2,
				2.6999999999999993
			],
			"to": [2.8000000000000007, 9, 9.5],
			"faces": {
				"north": {"uv": [16, 0, 0, 16], "texture": "#1"},
				"east": {"uv": [16, 0, 0, 16], "texture": "#1"},
				"south": {"uv": [16, 0, 0, 16], "texture": "#1"},
				"west": {"uv": [16, 0, 0, 16], "texture": "#1"},
				"up": {"uv": [16, 0, 0, 16], "texture": "#1"},
				"down": {"uv": [16, 0, 0, 16], "texture": "#1"}
			},
			"type": "cube"
		},
		{
			"name": "Cube",
			"from": [
				-1.6999999999999993,
				3.799999999999999,
				2.6999999999999993
			],
			"to": [2.8000000000000007, 4.6, 9.5],
			"faces": {
				"north": {"uv": [16, 0, 0, 16], "texture": "#1"},
				"east": {"uv": [16, 0, 0, 16], "texture": "#1"},
				"south": {"uv": [16, 0, 0, 16], "texture": "#1"},
				"west": {"uv": [16, 0, 0, 16], "texture": "#1"},
				"up": {"uv": [16, 0, 0, 16], "texture": "#1"},
				"down": {"uv": [16, 0, 0, 16], "texture": "#1"}
			},
			"type": "cube"
		},
		{
			"name": "Cube",
			"from": [
				1.3000000000000007,
				4.300000000000001,
				-1.3000000000000007
			],
			"to": [3.8000000000000007, 8.3, 13.5],
			"faces": {
				"north": {"uv": [16, 0, 0, 16], "texture": "#1"},
				"east": {"uv": [16, 0, 0, 16], "texture": "#1"},
				"south": {"uv": [16, 0, 0, 16], "texture": "#1"},
				"west": {"uv": [16, 0, 0, 16], "texture": "#1"},
				"up": {"uv": [16, 0, 0, 16], "texture": "#1"},
				"down": {"uv": [16, 0, 0, 16], "texture": "#1"}
			},
			"type": "cube"
		},
		{
			"name": "Cube",
			"from": [-1.5500000000000007, 4.1, 9.2],
			"to": [2.6499999999999986, 8.9, 9.3],
			"faces": {
				"north": {"uv": [16, 0, 0, 16], "texture": "#2"},
				"east": {"uv": [16, 0, 0, 16], "texture": "#2"},
				"south": {"uv": [16, 0, 0, 16], "texture": "#2"},
				"west": {"uv": [16, 0, 0, 16], "texture": "#2"},
				"up": {"uv": [16, 0, 0, 16], "texture": "#2"},
				"down": {"uv": [16, 0, 0, 16], "texture": "#2"}
			},
			"type": "cube"
		},
		{
			"name": "Cube",
			"from": [12.1, 5, 10.5],
			"to": [14.7, 10.7, 20.3],
			"faces": {
				"north": {"uv": [0, 0, 16, 16], "texture": "#5"},
				"east": {"uv": [0, 0, 16, 16], "texture": "#5"},
				"south": {"uv": [0, 0, 16, 16], "texture": "#5"},
				"west": {"uv": [0, 0, 16, 16], "texture": "#5"},
				"up": {"uv": [0, 0, 16, 16], "texture": "#5"},
				"down": {"uv": [0, 0, 16, 16], "texture": "#5"}
			},
			"type": "cube"
		},
		{
			"name": "Cube",
			"from": [12.1, 10.700000000000003, 11.4],
			"to": [14.7, 12.400000000000002, 17.3],
			"faces": {
				"north": {"uv": [0, 0, 16, 16], "texture": "#1"},
				"east": {"uv": [0, 0, 16, 16], "texture": "#1"},
				"south": {"uv": [0, 0, 16, 16], "texture": "#1"},
				"west": {"uv": [0, 0, 16, 16], "texture": "#1"},
				"up": {"uv": [0, 0, 16, 16], "texture": "#1"},
				"down": {"uv": [0, 0, 16, 16], "texture": "#1"}
			},
			"type": "cube"
		},
		{
			"name": "Cube",
			"from": [12.1, 12.400000000000004, 12.5],
			"to": [14.7, 14.100000000000003, 15.3],
			"faces": {
				"north": {"uv": [0, 0, 16, 16], "texture": "#1"},
				"east": {"uv": [0, 0, 16, 16], "texture": "#1"},
				"south": {"uv": [0, 0, 16, 16], "texture": "#1"},
				"west": {"uv": [0, 0, 16, 16], "texture": "#1"},
				"up": {"uv": [0, 0, 16, 16], "texture": "#1"},
				"down": {"uv": [0, 0, 16, 16], "texture": "#1"}
			},
			"type": "cube"
		},
		{
			"name": "Cube",
			"from": [-1.2999999999999972, 4, 9.3],
			"to": [2.8000000000000007, 8.6, 15.100000000000001],
			"faces": {
				"north": {"uv": [16, 0, 0, 16], "texture": "#1"},
				"east": {"uv": [16, 0, 0, 16], "texture": "#1"},
				"south": {"uv": [16, 0, 0, 16], "texture": "#1"},
				"west": {"uv": [16, 0, 0, 16], "texture": "#1"},
				"up": {"uv": [16, 0, 0, 16], "texture": "#1"},
				"down": {"uv": [16, 0, 0, 16], "texture": "#1"}
			},
			"type": "cube"
		},
		{
			"name": "Cube",
			"from": [0.7000000000000011, 1, -2.3000000000000007],
			"to": [5.5, 3, 19.5],
			"faces": {
				"north": {"uv": [0, 0, 16, 16], "texture": "#3"},
				"east": {"uv": [0, 0, 16, 16], "texture": "#3"},
				"south": {"uv": [0, 0, 16, 16], "texture": "#3"},
				"west": {"uv": [0, 0, 16, 16], "texture": "#3"},
				"up": {"uv": [0, 0, 16, 16], "texture": "#3"},
				"down": {"uv": [0, 0, 16, 16], "texture": "#3"}
			},
			"type": "cube"
		},
		{
			"name": "Cube",
			"from": [
				-0.6999999999999993,
				3,
				-1.3000000000000007
			],
			"to": [3.8000000000000007, 4.300000000000001, 20.6],
			"faces": {
				"north": {"uv": [0, 0, 16, 16], "texture": "#4"},
				"east": {"uv": [0, 0, 16, 16], "texture": "#4"},
				"south": {"uv": [0, 0, 16, 16], "texture": "#4"},
				"west": {"uv": [0, 0, 16, 16], "texture": "#4"},
				"up": {"uv": [0, 0, 16, 16], "texture": "#4"},
				"down": {"uv": [0, 0, 16, 16], "texture": "#4"}
			},
			"type": "cube"
		},
		{
			"name": "Cube",
			"from": [
				3.700000000000001,
				11.400000000000004,
				12.5
			],
			"to": [12.3, 14.600000000000003, 15.3],
			"faces": {
				"north": {"uv": [0, 0, 16, 16], "texture": "#1"},
				"east": {"uv": [0, 0, 16, 16], "texture": "#1"},
				"south": {"uv": [0, 0, 16, 16], "texture": "#1"},
				"west": {"uv": [0, 0, 16, 16], "texture": "#1"},
				"up": {"uv": [0, 0, 16, 16], "texture": "#1"},
				"down": {"uv": [0, 0, 16, 16], "texture": "#1"}
			},
			"type": "cube"
		},
		{
			"name": "Cube",
			"from": [
				3.700000000000001,
				10.400000000000004,
				15.3
			],
			"to": [12.3, 12.800000000000002, 18.1],
			"faces": {
				"north": {"uv": [0, 0, 16, 16], "texture": "#1"},
				"east": {"uv": [0, 0, 16, 16], "texture": "#1"},
				"south": {"uv": [0, 0, 16, 16], "texture": "#1"},
				"west": {"uv": [0, 0, 16, 16], "texture": "#1"},
				"up": {"uv": [0, 0, 16, 16], "texture": "#1"},
				"down": {"uv": [0, 0, 16, 16], "texture": "#1"}
			},
			"type": "cube"
		},
		{
			"name": "Cube",
			"from": [
				3.700000000000001,
				10.400000000000004,
				17.900000000000002
			],
			"to": [12.3, 11.600000000000003, 20.700000000000003],
			"faces": {
				"north": {"uv": [0, 0, 16, 16], "texture": "#1"},
				"east": {"uv": [0, 0, 16, 16], "texture": "#1"},
				"south": {"uv": [0, 0, 16, 16], "texture": "#1"},
				"west": {"uv": [0, 0, 16, 16], "texture": "#1"},
				"up": {"uv": [0, 0, 16, 16], "texture": "#1"},
				"down": {"uv": [0, 0, 16, 16], "texture": "#1"}
			},
			"type": "cube"
		},
		{
			"name": "Cube",
			"from": [3, 13.1, 0.8000000000000007],
			"to": [4, 14.1, 14.4],
			"faces": {
				"north": {"uv": [16, 0, 0, 16], "texture": "#1"},
				"east": {"uv": [16, 0, 0, 16], "texture": "#1"},
				"south": {"uv": [16, 0, 0, 16], "texture": "#1"},
				"west": {"uv": [16, 0, 0, 16], "texture": "#1"},
				"up": {"uv": [16, 0, 0, 16], "texture": "#1"},
				"down": {"uv": [16, 0, 0, 16], "texture": "#1"}
			},
			"type": "cube"
		},
		{
			"name": "Cube",
			"from": [
				1.950000000000001,
				3.4000000000000004,
				20.2
			],
			"to": [14.05, 10.5, 22.3],
			"faces": {
				"north": {"uv": [16, 0, 0, 16], "texture": "#1"},
				"east": {"uv": [16, 0, 0, 16], "texture": "#1"},
				"south": {"uv": [16, 0, 0, 16], "texture": "#1"},
				"west": {"uv": [16, 0, 0, 16], "texture": "#1"},
				"up": {"uv": [16, 0, 0, 16], "texture": "#1"},
				"down": {"uv": [16, 0, 0, 16], "texture": "#1"}
			},
			"type": "cube"
		},
		{
			"name": "Cube",
			"from": [
				2.0500000000000007,
				0.40000000000000036,
				19.4
			],
			"to": [13.950000000000001, 4.199999999999999, 21.2],
			"faces": {
				"north": {"uv": [0, 0, 16, 16], "texture": "#3"},
				"east": {"uv": [0, 0, 16, 16], "texture": "#3"},
				"south": {"uv": [0, 0, 16, 16], "texture": "#3"},
				"west": {"uv": [0, 0, 16, 16], "texture": "#3"},
				"up": {"uv": [0, 0, 16, 16], "texture": "#3"},
				"down": {"uv": [0, 0, 16, 16], "texture": "#3"}
			},
			"type": "cube"
		},
		{
			"name": "Cube",
			"from": [5, 2.4000000000000004, 20.5],
			"to": [11, 8.4, 23.5],
			"faces": {
				"north": {"uv": [16, 0, 0, 16], "texture": "#1"},
				"east": {"uv": [16, 0, 0, 16], "texture": "#1"},
				"south": {"uv": [16, 0, 0, 16], "texture": "#1"},
				"west": {"uv": [16, 0, 0, 16], "texture": "#1"},
				"up": {"uv": [16, 0, 0, 16], "texture": "#1"},
				"down": {"uv": [16, 0, 0, 16], "texture": "#1"}
			},
			"type": "cube"
		},
		{
			"name": "Cube",
			"from": [5, 2.4000000000000004, 23.5],
			"to": [6, 8.4, 25.5],
			"faces": {
				"north": {"uv": [16, 0, 0, 16], "texture": "#1"},
				"east": {"uv": [16, 0, 0, 16], "texture": "#1"},
				"south": {"uv": [16, 0, 0, 16], "texture": "#1"},
				"west": {"uv": [16, 0, 0, 16], "texture": "#1"},
				"up": {"uv": [16, 0, 0, 16], "texture": "#1"},
				"down": {"uv": [16, 0, 0, 16], "texture": "#1"}
			},
			"type": "cube"
		},
		{
			"name": "Cube",
			"from": [10, 2.4000000000000004, 23.5],
			"to": [11, 8.4, 25.5],
			"faces": {
				"north": {"uv": [16, 0, 0, 16], "texture": "#1"},
				"east": {"uv": [16, 0, 0, 16], "texture": "#1"},
				"south": {"uv": [16, 0, 0, 16], "texture": "#1"},
				"west": {"uv": [16, 0, 0, 16], "texture": "#1"},
				"up": {"uv": [16, 0, 0, 16], "texture": "#1"},
				"down": {"uv": [16, 0, 0, 16], "texture": "#1"}
			},
			"type": "cube"
		},
		{
			"name": "Cube",
			"from": [6, 7.4, 23.5],
			"to": [10, 8.4, 25.5],
			"faces": {
				"north": {"uv": [16, 0, 0, 16], "texture": "#1"},
				"east": {"uv": [16, 0, 0, 16], "texture": "#1"},
				"south": {"uv": [16, 0, 0, 16], "texture": "#1"},
				"west": {"uv": [16, 0, 0, 16], "texture": "#1"},
				"up": {"uv": [16, 0, 0, 16], "texture": "#1"},
				"down": {"uv": [16, 0, 0, 16], "texture": "#1"}
			},
			"type": "cube"
		},
		{
			"name": "Cube",
			"from": [6, 2.4000000000000004, 23.5],
			"to": [10, 3.4000000000000004, 25.5],
			"faces": {
				"north": {"uv": [16, 0, 0, 16], "texture": "#1"},
				"east": {"uv": [16, 0, 0, 16], "texture": "#1"},
				"south": {"uv": [16, 0, 0, 16], "texture": "#1"},
				"west": {"uv": [16, 0, 0, 16], "texture": "#1"},
				"up": {"uv": [16, 0, 0, 16], "texture": "#1"},
				"down": {"uv": [16, 0, 0, 16], "texture": "#1"}
			},
			"type": "cube"
		},
		{
			"name": "Cube",
			"from": [4, 3.6999999999999993, 22.000000000000004],
			"to": [5.800000000000001, 7, 24.800000000000004],
			"faces": {
				"north": {"uv": [16, 0, 0, 16], "texture": "#1"},
				"east": {"uv": [16, 0, 0, 16], "texture": "#1"},
				"south": {"uv": [16, 0, 0, 16], "texture": "#1"},
				"west": {"uv": [16, 0, 0, 16], "texture": "#1"},
				"up": {"uv": [16, 0, 0, 16], "texture": "#1"},
				"down": {"uv": [16, 0, 0, 16], "texture": "#1"}
			},
			"type": "cube"
		},
		{
			"name": "Cube",
			"from": [
				10.2,
				3.6999999999999993,
				22.000000000000004
			],
			"to": [12, 7, 24.800000000000004],
			"faces": {
				"north": {"uv": [0, 0, 16, 16], "texture": "#1"},
				"east": {"uv": [0, 0, 16, 16], "texture": "#1"},
				"south": {"uv": [0, 0, 16, 16], "texture": "#1"},
				"west": {"uv": [0, 0, 16, 16], "texture": "#1"},
				"up": {"uv": [0, 0, 16, 16], "texture": "#1"},
				"down": {"uv": [0, 0, 16, 16], "texture": "#1"}
			},
			"type": "cube"
		},
		{
			"name": "Cube",
			"from": [
				5.699999999999999,
				3.1999999999999993,
				20.6
			],
			"to": [10.1, 7.800000000000001, 23.6],
			"faces": {
				"north": {"uv": [0, 0, 16, 16], "texture": "#2"},
				"east": {"uv": [0, 0, 16, 16], "texture": "#2"},
				"south": {"uv": [0, 0, 16, 16], "texture": "#2"},
				"west": {"uv": [0, 0, 16, 16], "texture": "#2"},
				"up": {"uv": [0, 0, 16, 16], "texture": "#2"},
				"down": {"uv": [0, 0, 16, 16], "texture": "#2"}
			},
			"type": "cube"
		},
		{
			"name": "Cube",
			"from": [
				11.2,
				4.699999999999999,
				20.000000000000004
			],
			"to": [19, 5, 24.800000000000004],
			"faces": {
				"north": {"uv": [0, 0, 16, 16], "texture": "#1"},
				"east": {"uv": [0, 0, 16, 16], "texture": "#1"},
				"south": {"uv": [0, 0, 16, 16], "texture": "#1"},
				"west": {"uv": [0, 0, 16, 16], "texture": "#1"},
				"up": {"uv": [0, 0, 16, 16], "texture": "#1"},
				"down": {"uv": [0, 0, 16, 16], "texture": "#1"}
			},
			"type": "cube"
		},
		{
			"name": "Cube",
			"from": [-3, 4.699999999999999, 20.000000000000004],
			"to": [4.800000000000001, 5, 24.800000000000004],
			"faces": {
				"north": {"uv": [16, 0, 0, 16], "texture": "#1"},
				"east": {"uv": [16, 0, 0, 16], "texture": "#1"},
				"south": {"uv": [16, 0, 0, 16], "texture": "#1"},
				"west": {"uv": [16, 0, 0, 16], "texture": "#1"},
				"up": {"uv": [16, 0, 0, 16], "texture": "#1"},
				"down": {"uv": [16, 0, 0, 16], "texture": "#1"}
			},
			"type": "cube"
		},
		{
			"name": "Cube",
			"from": [7.9, 8.4, 21.5],
			"to": [8.1, 14.1, 25.5],
			"faces": {
				"north": {"uv": [16, 0, 0, 16], "texture": "#1"},
				"east": {"uv": [16, 0, 0, 16], "texture": "#1"},
				"south": {"uv": [16, 0, 0, 16], "texture": "#1"},
				"west": {"uv": [16, 0, 0, 16], "texture": "#1"},
				"up": {"uv": [16, 0, 0, 16], "texture": "#1"},
				"down": {"uv": [16, 0, 0, 16], "texture": "#1"}
			},
			"type": "cube"
		},
		{
			"name": "Cube",
			"from": [6.299999999999998, 5, 23.699999999999996],
			"to": [9.899999999999999, 5.899999999999999, 23.9],
			"faces": {
				"north": {"uv": [0, 0, 16, 16], "texture": "#3"},
				"east": {"uv": [0, 0, 16, 16], "texture": "#3"},
				"south": {"uv": [0, 0, 16, 16], "texture": "#3"},
				"west": {"uv": [0, 0, 16, 16], "texture": "#3"},
				"up": {"uv": [0, 0, 16, 16], "texture": "#3"},
				"down": {"uv": [0, 0, 16, 16], "texture": "#3"}
			},
			"rotation": {
				"origin": [
					8.099999999999998,
					5.449999999999999,
					23.799999999999997
				],
				"axis": "z",
				"angle": 22.5
			},
			"type": "cube"
		},
		{
			"name": "Cube",
			"from": [
				7.649999999999999,
				3.6499999999999986,
				23.699999999999996
			],
			"to": [8.549999999999997, 7.25, 23.9],
			"faces": {
				"north": {
					"uv": [0, 0, 16, 16],
					"texture": "#3",
					"rotation": 270
				},
				"east": {
					"uv": [0, 0, 16, 16],
					"texture": "#3",
					"rotation": 90
				},
				"south": {
					"uv": [0, 0, 16, 16],
					"texture": "#3",
					"rotation": 90
				},
				"west": {
					"uv": [0, 0, 16, 16],
					"texture": "#3",
					"rotation": 90
				},
				"up": {
					"uv": [0, 0, 16, 16],
					"texture": "#3",
					"rotation": 90
				},
				"down": {
					"uv": [0, 0, 16, 16],
					"texture": "#3",
					"rotation": 90
				}
			},
			"rotation": {
				"origin": [
					8.099999999999998,
					5.449999999999999,
					23.799999999999997
				],
				"axis": "z",
				"angle": 22.5
			},
			"type": "cube"
		},
		{
			"name": "Cube",
			"from": [
				7.75,
				5.149999999999999,
				21.699999999999996
			],
			"to": [8.249999999999998, 5.649999999999999, 24.5],
			"faces": {
				"north": {
					"uv": [0, 0, 16, 16],
					"texture": "#3",
					"rotation": 270
				},
				"east": {
					"uv": [0, 0, 16, 16],
					"texture": "#3",
					"rotation": 90
				},
				"south": {
					"uv": [0, 0, 16, 16],
					"texture": "#3",
					"rotation": 90
				},
				"west": {
					"uv": [0, 0, 16, 16],
					"texture": "#3",
					"rotation": 90
				},
				"up": {
					"uv": [0, 0, 16, 16],
					"texture": "#3",
					"rotation": 90
				},
				"down": {
					"uv": [0, 0, 16, 16],
					"texture": "#3",
					"rotation": 90
				}
			},
			"rotation": {
				"origin": [
					8.2,
					5.449999999999999,
					21.799999999999997
				],
				"axis": "z",
				"angle": 22.5
			},
			"type": "cube"
		},
		{
			"name": "Cube",
			"from": [12, 13.1, 0.8000000000000007],
			"to": [13, 14.1, 14.4],
			"faces": {
				"north": {"uv": [0, 0, 16, 16], "texture": "#1"},
				"east": {"uv": [0, 0, 16, 16], "texture": "#1"},
				"south": {"uv": [0, 0, 16, 16], "texture": "#1"},
				"west": {"uv": [0, 0, 16, 16], "texture": "#1"},
				"up": {"uv": [0, 0, 16, 16], "texture": "#1"},
				"down": {"uv": [0, 0, 16, 16], "texture": "#1"}
			},
			"type": "cube"
		}
	],
	"display": {
		"head": {
			"rotation": [0, 0, 0],
			"translation": [0, -22, 0],
			"scale": [4, 3.5, 4]
		}
	}
}