{
	"credit": "Made with Blockbench, a free, modern block model editor by JannisX11",
	"textures": {
		"0": "block/anvil_base",
		"2": "block/concrete_white",
		"3": "block/concrete_red",
		"4": "block/hardened_clay_stained_red",
		"1_0": "block/stone_andesite_smooth",
		"particle": "block/stone_andesite_smooth",
		"1_1": "block/concrete_gray"
	},
	"elements": [
		{
			"name": "Cube",
			"from": [-2, -7, 30.599999999999998],
			"to": [18, -4, 31.9],
			"faces": {
				"north": {"uv": [0, 0, 16, 16], "texture": "#0"},
				"east": {"uv": [0, 0, 16, 16], "texture": "#0"},
				"south": {"uv": [0, 0, 16, 16], "texture": "#0"},
				"west": {"uv": [0, 0, 16, 16], "texture": "#0"},
				"up": {"uv": [0, 0, 16, 16], "texture": "#0"},
				"down": {"uv": [0, 0, 16, 16], "texture": "#0"}
			}
		},
		{
			"name": "Cube",
			"from": [3, -3, 0],
			"to": [5, -1, 16],
			"faces": {
				"north": {"uv": [0, 0, 16, 16], "texture": "#0"},
				"east": {"uv": [0, 0, 16, 16], "texture": "#0"},
				"south": {"uv": [0, 0, 16, 16], "texture": "#0"},
				"west": {"uv": [0, 0, 16, 16], "texture": "#0"},
				"up": {"uv": [0, 0, 16, 16], "texture": "#0"},
				"down": {"uv": [0, 0, 16, 16], "texture": "#0"}
			}
		},
		{
			"name": "Cube",
			"from": [3, -3, 16],
			"to": [5, -1, 31],
			"faces": {
				"north": {"uv": [0, 0, 16, 16], "texture": "#0"},
				"east": {"uv": [0, 0, 16, 16], "texture": "#0"},
				"south": {"uv": [0, 0, 16, 16], "texture": "#0"},
				"west": {"uv": [0, 0, 16, 16], "texture": "#0"},
				"up": {"uv": [0, 0, 16, 16], "texture": "#0"},
				"down": {"uv": [0, 0, 16, 16], "texture": "#0"}
			}
		},
		{
			"name": "Cube",
			"from": [1.0000000000000009, -4, 30.9],
			"to": [4.000000000000001, -2, 31.9],
			"faces": {
				"north": {"uv": [0, 0, 16, 16], "texture": "#0"},
				"east": {"uv": [0, 0, 16, 16], "texture": "#0"},
				"south": {"uv": [0, 0, 16, 16], "texture": "#0"},
				"west": {"uv": [0, 0, 16, 16], "texture": "#0"},
				"up": {"uv": [0, 0, 16, 16], "texture": "#0"},
				"down": {"uv": [0, 0, 16, 16], "texture": "#0"}
			}
		},
		{
			"name": "Cube",
			"from": [12.2, -3.8, 31],
			"to": [14.8, -2.1999999999999997, 32],
			"faces": {
				"north": {"uv": [0, 0, 16, 16], "texture": "#4"},
				"east": {"uv": [0, 0, 16, 16], "texture": "#4"},
				"south": {"uv": [0, 0, 16, 16], "texture": "#4"},
				"west": {"uv": [0, 0, 16, 16], "texture": "#4"},
				"up": {"uv": [0, 0, 16, 16], "texture": "#4"},
				"down": {"uv": [0, 0, 16, 16], "texture": "#4"}
			}
		},
		{
			"name": "Cube",
			"from": [6, -5, -12],
			"to": [10, -3, -9],
			"faces": {
				"north": {"uv": [0, 0, 16, 16], "texture": "#1_0"},
				"east": {"uv": [0, 0, 16, 16], "texture": "#1_0"},
				"south": {"uv": [0, 0, 16, 16], "texture": "#1_0"},
				"west": {"uv": [0, 0, 16, 16], "texture": "#1_0"},
				"up": {"uv": [0, 0, 16, 16], "texture": "#1_0"},
				"down": {"uv": [0, 0, 16, 16], "texture": "#1_0"}
			}
		},
		{
			"name": "Cube",
			"from": [2.8999999999999986, -2.5, -10],
			"to": [4.099999999999998, -1.5, -8],
			"faces": {
				"north": {"uv": [0, 0, 16, 16], "texture": "#3"},
				"east": {"uv": [0, 0, 16, 16], "texture": "#3"},
				"south": {"uv": [0, 0, 16, 16], "texture": "#3"},
				"west": {"uv": [0, 0, 16, 16], "texture": "#3"},
				"up": {"uv": [0, 0, 16, 16], "texture": "#3"},
				"down": {"uv": [0, 0, 16, 16], "texture": "#3"}
			}
		},
		{
			"name": "Cube",
			"from": [2.8999999999999986, -2.5, -8],
			"to": [4.099999999999998, -1.5, -6],
			"faces": {
				"north": {"uv": [0, 0, 16, 16], "texture": "#2"},
				"east": {"uv": [0, 0, 16, 16], "texture": "#2"},
				"south": {"uv": [0, 0, 16, 16], "texture": "#2"},
				"west": {"uv": [0, 0, 16, 16], "texture": "#2"},
				"up": {"uv": [0, 0, 16, 16], "texture": "#2"},
				"down": {"uv": [0, 0, 16, 16], "texture": "#2"}
			}
		},
		{
			"name": "Cube",
			"from": [2.8999999999999986, -2.5, 6],
			"to": [4.099999999999998, -1.5, 8],
			"faces": {
				"north": {"uv": [0, 0, 16, 16], "texture": "#3"},
				"east": {"uv": [0, 0, 16, 16], "texture": "#3"},
				"south": {"uv": [0, 0, 16, 16], "texture": "#3"},
				"west": {"uv": [0, 0, 16, 16], "texture": "#3"},
				"up": {"uv": [0, 0, 16, 16], "texture": "#3"},
				"down": {"uv": [0, 0, 16, 16], "texture": "#3"}
			}
		},
		{
			"name": "Cube",
			"from": [2.8999999999999986, -2.5, 8],
			"to": [4.099999999999998, -1.5, 10],
			"faces": {
				"north": {"uv": [0, 0, 16, 16], "texture": "#2"},
				"east": {"uv": [0, 0, 16, 16], "texture": "#2"},
				"south": {"uv": [0, 0, 16, 16], "texture": "#2"},
				"west": {"uv": [0, 0, 16, 16], "texture": "#2"},
				"up": {"uv": [0, 0, 16, 16], "texture": "#2"},
				"down": {"uv": [0, 0, 16, 16], "texture": "#2"}
			}
		},
		{
			"name": "Cube",
			"from": [2.8999999999999986, -2.5, 22],
			"to": [4.099999999999998, -1.5, 24],
			"faces": {
				"north": {"uv": [0, 0, 16, 16], "texture": "#3"},
				"east": {"uv": [0, 0, 16, 16], "texture": "#3"},
				"south": {"uv": [0, 0, 16, 16], "texture": "#3"},
				"west": {"uv": [0, 0, 16, 16], "texture": "#3"},
				"up": {"uv": [0, 0, 16, 16], "texture": "#3"},
				"down": {"uv": [0, 0, 16, 16], "texture": "#3"}
			}
		},
		{
			"name": "Cube",
			"from": [2.8999999999999986, -2.5, 24],
			"to": [4.099999999999998, -1.5, 26],
			"faces": {
				"north": {"uv": [0, 0, 16, 16], "texture": "#2"},
				"east": {"uv": [0, 0, 16, 16], "texture": "#2"},
				"south": {"uv": [0, 0, 16, 16], "texture": "#2"},
				"west": {"uv": [0, 0, 16, 16], "texture": "#2"},
				"up": {"uv": [0, 0, 16, 16], "texture": "#2"},
				"down": {"uv": [0, 0, 16, 16], "texture": "#2"}
			}
		},
		{
			"name": "Cube",
			"from": [12, -4, 30.9],
			"to": [15, -2, 31.9],
			"faces": {
				"north": {"uv": [0, 0, 16, 16], "texture": "#0"},
				"east": {"uv": [0, 0, 16, 16], "texture": "#0"},
				"south": {"uv": [0, 0, 16, 16], "texture": "#0"},
				"west": {"uv": [0, 0, 16, 16], "texture": "#0"},
				"up": {"uv": [0, 0, 16, 16], "texture": "#0"},
				"down": {"uv": [0, 0, 16, 16], "texture": "#0"}
			}
		},
		{
			"name": "Cube",
			"from": [1.1999999999999993, -3.8, 31],
			"to": [3.8000000000000007, -2.1999999999999997, 32],
			"faces": {
				"north": {"uv": [0, 0, 16, 16], "texture": "#4"},
				"east": {"uv": [0, 0, 16, 16], "texture": "#4"},
				"south": {"uv": [0, 0, 16, 16], "texture": "#4"},
				"west": {"uv": [0, 0, 16, 16], "texture": "#4"},
				"up": {"uv": [0, 0, 16, 16], "texture": "#4"},
				"down": {"uv": [0, 0, 16, 16], "texture": "#4"}
			}
		},
		{
			"name": "Cube",
			"from": [0.10000000000000142, -6.5, 30],
			"to": [2.1000000000000014, -5.5, 32],
			"faces": {
				"north": {"uv": [16, 0, 0, 16], "texture": "#3"},
				"east": {"uv": [16, 0, 0, 16], "texture": "#3"},
				"south": {"uv": [16, 0, 0, 16], "texture": "#3"},
				"west": {"uv": [16, 0, 0, 16], "texture": "#3"},
				"up": {"uv": [16, 0, 0, 16], "texture": "#3"},
				"down": {"uv": [16, 0, 0, 16], "texture": "#3"}
			}
		},
		{
			"name": "Cube",
			"from": [2.1000000000000014, -6.5, 30],
			"to": [4.100000000000001, -5.5, 32],
			"faces": {
				"north": {"uv": [16, 0, 0, 16], "texture": "#2"},
				"east": {"uv": [16, 0, 0, 16], "texture": "#2"},
				"south": {"uv": [16, 0, 0, 16], "texture": "#2"},
				"west": {"uv": [16, 0, 0, 16], "texture": "#2"},
				"up": {"uv": [16, 0, 0, 16], "texture": "#2"},
				"down": {"uv": [16, 0, 0, 16], "texture": "#2"}
			}
		},
		{
			"name": "Cube",
			"from": [13.899999999999999, -6.5, 30],
			"to": [15.899999999999999, -5.5, 32],
			"faces": {
				"north": {"uv": [0, 0, 16, 16], "texture": "#3"},
				"east": {"uv": [0, 0, 16, 16], "texture": "#3"},
				"south": {"uv": [0, 0, 16, 16], "texture": "#3"},
				"west": {"uv": [0, 0, 16, 16], "texture": "#3"},
				"up": {"uv": [0, 0, 16, 16], "texture": "#3"},
				"down": {"uv": [0, 0, 16, 16], "texture": "#3"}
			}
		},
		{
			"name": "Cube",
			"from": [11.899999999999999, -6.5, 30],
			"to": [13.899999999999999, -5.5, 32],
			"faces": {
				"north": {"uv": [0, 0, 16, 16], "texture": "#2"},
				"east": {"uv": [0, 0, 16, 16], "texture": "#2"},
				"south": {"uv": [0, 0, 16, 16], "texture": "#2"},
				"west": {"uv": [0, 0, 16, 16], "texture": "#2"},
				"up": {"uv": [0, 0, 16, 16], "texture": "#2"},
				"down": {"uv": [0, 0, 16, 16], "texture": "#2"}
			}
		},
		{
			"name": "Cube",
			"from": [13.899999999999999, -6.5, 30],
			"to": [15.899999999999999, -5.5, 32],
			"faces": {
				"north": {"uv": [0, 0, 16, 16], "texture": "#3"},
				"east": {"uv": [0, 0, 16, 16], "texture": "#3"},
				"south": {"uv": [0, 0, 16, 16], "texture": "#3"},
				"west": {"uv": [0, 0, 16, 16], "texture": "#3"},
				"up": {"uv": [0, 0, 16, 16], "texture": "#3"},
				"down": {"uv": [0, 0, 16, 16], "texture": "#3"}
			}
		},
		{
			"name": "Cube",
			"from": [11.899999999999999, -6.5, 30],
			"to": [13.899999999999999, -5.5, 32],
			"faces": {
				"north": {"uv": [0, 0, 16, 16], "texture": "#2"},
				"east": {"uv": [0, 0, 16, 16], "texture": "#2"},
				"south": {"uv": [0, 0, 16, 16], "texture": "#2"},
				"west": {"uv": [0, 0, 16, 16], "texture": "#2"},
				"up": {"uv": [0, 0, 16, 16], "texture": "#2"},
				"down": {"uv": [0, 0, 16, 16], "texture": "#2"}
			}
		},
		{
			"name": "Cube",
			"from": [2.8999999999999986, -2.5, 16],
			"to": [4.099999999999998, -1.5, 18],
			"faces": {
				"north": {"uv": [0, 0, 16, 16], "texture": "#2"},
				"east": {"uv": [0, 0, 16, 16], "texture": "#2"},
				"south": {"uv": [0, 0, 16, 16], "texture": "#2"},
				"west": {"uv": [0, 0, 16, 16], "texture": "#2"},
				"up": {"uv": [0, 0, 16, 16], "texture": "#2"},
				"down": {"uv": [0, 0, 16, 16], "texture": "#2"}
			}
		},
		{
			"name": "Cube",
			"from": [2.8999999999999986, -2.5, 14],
			"to": [4.099999999999998, -1.5, 16],
			"faces": {
				"north": {"uv": [0, 0, 16, 16], "texture": "#3"},
				"east": {"uv": [0, 0, 16, 16], "texture": "#3"},
				"south": {"uv": [0, 0, 16, 16], "texture": "#3"},
				"west": {"uv": [0, 0, 16, 16], "texture": "#3"},
				"up": {"uv": [0, 0, 16, 16], "texture": "#3"},
				"down": {"uv": [0, 0, 16, 16], "texture": "#3"}
			}
		},
		{
			"name": "Cube",
			"from": [2.8999999999999986, -2.5, 0],
			"to": [4.099999999999998, -1.5, 2],
			"faces": {
				"north": {"uv": [0, 0, 16, 16], "texture": "#2"},
				"east": {"uv": [0, 0, 16, 16], "texture": "#2"},
				"south": {"uv": [0, 0, 16, 16], "texture": "#2"},
				"west": {"uv": [0, 0, 16, 16], "texture": "#2"},
				"up": {"uv": [0, 0, 16, 16], "texture": "#2"},
				"down": {"uv": [0, 0, 16, 16], "texture": "#2"}
			}
		},
		{
			"name": "Cube",
			"from": [2.8999999999999986, -2.5, -2],
			"to": [4.099999999999998, -1.5, 0],
			"faces": {
				"north": {"uv": [0, 0, 16, 16], "texture": "#3"},
				"east": {"uv": [0, 0, 16, 16], "texture": "#3"},
				"south": {"uv": [0, 0, 16, 16], "texture": "#3"},
				"west": {"uv": [0, 0, 16, 16], "texture": "#3"},
				"up": {"uv": [0, 0, 16, 16], "texture": "#3"},
				"down": {"uv": [0, 0, 16, 16], "texture": "#3"}
			}
		},
		{
			"name": "Cube",
			"from": [11, -3, -16],
			"to": [13, -1, 0],
			"faces": {
				"north": {"uv": [16, 0, 0, 16], "texture": "#0"},
				"east": {"uv": [16, 0, 0, 16], "texture": "#0"},
				"south": {"uv": [16, 0, 0, 16], "texture": "#0"},
				"west": {"uv": [16, 0, 0, 16], "texture": "#0"},
				"up": {"uv": [16, 0, 0, 16], "texture": "#0"},
				"down": {"uv": [16, 0, 0, 16], "texture": "#0"}
			}
		},
		{
			"name": "Cube",
			"from": [11.900000000000002, -2.5, -10],
			"to": [13.100000000000001, -1.5, -8],
			"faces": {
				"north": {"uv": [16, 0, 0, 16], "texture": "#3"},
				"east": {"uv": [16, 0, 0, 16], "texture": "#3"},
				"south": {"uv": [16, 0, 0, 16], "texture": "#3"},
				"west": {"uv": [16, 0, 0, 16], "texture": "#3"},
				"up": {"uv": [16, 0, 0, 16], "texture": "#3"},
				"down": {"uv": [16, 0, 0, 16], "texture": "#3"}
			}
		},
		{
			"name": "Cube",
			"from": [11.900000000000002, -2.5, -8],
			"to": [13.100000000000001, -1.5, -6],
			"faces": {
				"north": {"uv": [16, 0, 0, 16], "texture": "#2"},
				"east": {"uv": [16, 0, 0, 16], "texture": "#2"},
				"south": {"uv": [16, 0, 0, 16], "texture": "#2"},
				"west": {"uv": [16, 0, 0, 16], "texture": "#2"},
				"up": {"uv": [16, 0, 0, 16], "texture": "#2"},
				"down": {"uv": [16, 0, 0, 16], "texture": "#2"}
			}
		},
		{
			"name": "Cube",
			"from": [11.900000000000002, -2.5, 0],
			"to": [13.100000000000001, -1.5, 2],
			"faces": {
				"north": {"uv": [16, 0, 0, 16], "texture": "#2"},
				"east": {"uv": [16, 0, 0, 16], "texture": "#2"},
				"south": {"uv": [16, 0, 0, 16], "texture": "#2"},
				"west": {"uv": [16, 0, 0, 16], "texture": "#2"},
				"up": {"uv": [16, 0, 0, 16], "texture": "#2"},
				"down": {"uv": [16, 0, 0, 16], "texture": "#2"}
			}
		},
		{
			"name": "Cube",
			"from": [11.900000000000002, -2.5, -2],
			"to": [13.100000000000001, -1.5, 0],
			"faces": {
				"north": {"uv": [16, 0, 0, 16], "texture": "#3"},
				"east": {"uv": [16, 0, 0, 16], "texture": "#3"},
				"south": {"uv": [16, 0, 0, 16], "texture": "#3"},
				"west": {"uv": [16, 0, 0, 16], "texture": "#3"},
				"up": {"uv": [16, 0, 0, 16], "texture": "#3"},
				"down": {"uv": [16, 0, 0, 16], "texture": "#3"}
			}
		},
		{
			"name": "Cube",
			"from": [11.900000000000002, -2.5, 6],
			"to": [13.100000000000001, -1.5, 8],
			"faces": {
				"north": {"uv": [16, 0, 0, 16], "texture": "#3"},
				"east": {"uv": [16, 0, 0, 16], "texture": "#3"},
				"south": {"uv": [16, 0, 0, 16], "texture": "#3"},
				"west": {"uv": [16, 0, 0, 16], "texture": "#3"},
				"up": {"uv": [16, 0, 0, 16], "texture": "#3"},
				"down": {"uv": [16, 0, 0, 16], "texture": "#3"}
			}
		},
		{
			"name": "Cube",
			"from": [11.900000000000002, -2.5, 8],
			"to": [13.100000000000001, -1.5, 10],
			"faces": {
				"north": {"uv": [16, 0, 0, 16], "texture": "#2"},
				"east": {"uv": [16, 0, 0, 16], "texture": "#2"},
				"south": {"uv": [16, 0, 0, 16], "texture": "#2"},
				"west": {"uv": [16, 0, 0, 16], "texture": "#2"},
				"up": {"uv": [16, 0, 0, 16], "texture": "#2"},
				"down": {"uv": [16, 0, 0, 16], "texture": "#2"}
			}
		},
		{
			"name": "Cube",
			"from": [11.900000000000002, -2.5, 14],
			"to": [13.100000000000001, -1.5, 16],
			"faces": {
				"north": {"uv": [16, 0, 0, 16], "texture": "#3"},
				"east": {"uv": [16, 0, 0, 16], "texture": "#3"},
				"south": {"uv": [16, 0, 0, 16], "texture": "#3"},
				"west": {"uv": [16, 0, 0, 16], "texture": "#3"},
				"up": {"uv": [16, 0, 0, 16], "texture": "#3"},
				"down": {"uv": [16, 0, 0, 16], "texture": "#3"}
			}
		},
		{
			"name": "Cube",
			"from": [11.900000000000002, -2.5, 16],
			"to": [13.100000000000001, -1.5, 18],
			"faces": {
				"north": {"uv": [16, 0, 0, 16], "texture": "#2"},
				"east": {"uv": [16, 0, 0, 16], "texture": "#2"},
				"south": {"uv": [16, 0, 0, 16], "texture": "#2"},
				"west": {"uv": [16, 0, 0, 16], "texture": "#2"},
				"up": {"uv": [16, 0, 0, 16], "texture": "#2"},
				"down": {"uv": [16, 0, 0, 16], "texture": "#2"}
			}
		},
		{
			"name": "Cube",
			"from": [11.900000000000002, -2.5, 22],
			"to": [13.100000000000001, -1.5, 24],
			"faces": {
				"north": {"uv": [16, 0, 0, 16], "texture": "#3"},
				"east": {"uv": [16, 0, 0, 16], "texture": "#3"},
				"south": {"uv": [16, 0, 0, 16], "texture": "#3"},
				"west": {"uv": [16, 0, 0, 16], "texture": "#3"},
				"up": {"uv": [16, 0, 0, 16], "texture": "#3"},
				"down": {"uv": [16, 0, 0, 16], "texture": "#3"}
			}
		},
		{
			"name": "Cube",
			"from": [11.900000000000002, -2.5, 24],
			"to": [13.100000000000001, -1.5, 26],
			"faces": {
				"north": {"uv": [16, 0, 0, 16], "texture": "#2"},
				"east": {"uv": [16, 0, 0, 16], "texture": "#2"},
				"south": {"uv": [16, 0, 0, 16], "texture": "#2"},
				"west": {"uv": [16, 0, 0, 16], "texture": "#2"},
				"up": {"uv": [16, 0, 0, 16], "texture": "#2"},
				"down": {"uv": [16, 0, 0, 16], "texture": "#2"}
			}
		},
		{
			"name": "Cube",
			"from": [0, -2, 30],
			"to": [16, 0, 32],
			"faces": {
				"north": {"uv": [16, 0, 0, 16], "texture": "#0"},
				"east": {"uv": [16, 0, 0, 16], "texture": "#0"},
				"south": {"uv": [16, 0, 0, 16], "texture": "#0"},
				"west": {"uv": [16, 0, 0, 16], "texture": "#0"},
				"up": {"uv": [16, 0, 0, 16], "texture": "#0"},
				"down": {"uv": [16, 0, 0, 16], "texture": "#0"}
			}
		},
		{
			"name": "Cube",
			"from": [11, -3, 0],
			"to": [13, -1, 16],
			"faces": {
				"north": {"uv": [16, 0, 0, 16], "texture": "#0"},
				"east": {"uv": [16, 0, 0, 16], "texture": "#0"},
				"south": {"uv": [16, 0, 0, 16], "texture": "#0"},
				"west": {"uv": [16, 0, 0, 16], "texture": "#0"},
				"up": {"uv": [16, 0, 0, 16], "texture": "#0"},
				"down": {"uv": [16, 0, 0, 16], "texture": "#0"}
			}
		},
		{
			"name": "Cube",
			"from": [11, -3, 16],
			"to": [13, -1, 31],
			"faces": {
				"north": {"uv": [16, 0, 0, 16], "texture": "#0"},
				"east": {"uv": [16, 0, 0, 16], "texture": "#0"},
				"south": {"uv": [16, 0, 0, 16], "texture": "#0"},
				"west": {"uv": [16, 0, 0, 16], "texture": "#0"},
				"up": {"uv": [16, 0, 0, 16], "texture": "#0"},
				"down": {"uv": [16, 0, 0, 16], "texture": "#0"}
			}
		},
		{
			"name": "Cube",
			"from": [0, -1, -1],
			"to": [16, 0, 1],
			"faces": {
				"north": {"uv": [16, 0, 0, 16], "texture": "#0"},
				"east": {"uv": [16, 0, 0, 16], "texture": "#0"},
				"south": {"uv": [16, 0, 0, 16], "texture": "#0"},
				"west": {"uv": [16, 0, 0, 16], "texture": "#0"},
				"up": {"uv": [16, 0, 0, 16], "texture": "#0"},
				"down": {"uv": [16, 0, 0, 16], "texture": "#0"}
			}
		},
		{
			"name": "Cube",
			"from": [0, -1, 15],
			"to": [16, 0, 17],
			"faces": {
				"north": {"uv": [16, 0, 0, 16], "texture": "#0"},
				"east": {"uv": [16, 0, 0, 16], "texture": "#0"},
				"south": {"uv": [16, 0, 0, 16], "texture": "#0"},
				"west": {"uv": [16, 0, 0, 16], "texture": "#0"},
				"up": {"uv": [16, 0, 0, 16], "texture": "#0"},
				"down": {"uv": [16, 0, 0, 16], "texture": "#0"}
			}
		},
		{
			"name": "Cube",
			"from": [0, -1, -15],
			"to": [16, 0, -13],
			"faces": {
				"north": {"uv": [16, 0, 0, 16], "texture": "#0"},
				"east": {"uv": [16, 0, 0, 16], "texture": "#0"},
				"south": {"uv": [16, 0, 0, 16], "texture": "#0"},
				"west": {"uv": [16, 0, 0, 16], "texture": "#0"},
				"up": {"uv": [16, 0, 0, 16], "texture": "#0"},
				"down": {"uv": [16, 0, 0, 16], "texture": "#0"}
			}
		},
		{
			"name": "Cube",
			"from": [5, -3, -16],
			"to": [11, -1, -9],
			"faces": {
				"north": {"uv": [0, 0, 16, 16], "texture": "#0"},
				"east": {"uv": [0, 0, 16, 16], "texture": "#0"},
				"south": {"uv": [0, 0, 16, 16], "texture": "#0"},
				"west": {"uv": [0, 0, 16, 16], "texture": "#0"},
				"up": {"uv": [0, 0, 16, 16], "texture": "#0"},
				"down": {"uv": [0, 0, 16, 16], "texture": "#0"}
			}
		},
		{
			"name": "Cube",
			"from": [5, -2, 23],
			"to": [11, -1, 24],
			"faces": {
				"north": {"uv": [16, 0, 0, 16], "texture": "#0"},
				"east": {"uv": [16, 0, 0, 16], "texture": "#0"},
				"south": {"uv": [16, 0, 0, 16], "texture": "#0"},
				"west": {"uv": [16, 0, 0, 16], "texture": "#0"},
				"up": {"uv": [16, 0, 0, 16], "texture": "#0"},
				"down": {"uv": [16, 0, 0, 16], "texture": "#0"}
			}
		},
		{
			"name": "Cube",
			"from": [5, -2, 8],
			"to": [11, -1, 9],
			"faces": {
				"north": {"uv": [16, 0, 0, 16], "texture": "#0"},
				"east": {"uv": [16, 0, 0, 16], "texture": "#0"},
				"south": {"uv": [16, 0, 0, 16], "texture": "#0"},
				"west": {"uv": [16, 0, 0, 16], "texture": "#0"},
				"up": {"uv": [16, 0, 0, 16], "texture": "#0"},
				"down": {"uv": [16, 0, 0, 16], "texture": "#0"}
			}
		},
		{
			"name": "Cube",
			"from": [5, -2, -5],
			"to": [11, -1, -4],
			"faces": {
				"north": {"uv": [16, 0, 0, 16], "texture": "#0"},
				"east": {"uv": [16, 0, 0, 16], "texture": "#0"},
				"south": {"uv": [16, 0, 0, 16], "texture": "#0"},
				"west": {"uv": [16, 0, 0, 16], "texture": "#0"},
				"up": {"uv": [16, 0, 0, 16], "texture": "#0"},
				"down": {"uv": [16, 0, 0, 16], "texture": "#0"}
			}
		},
		{
			"name": "Cube",
			"from": [15, 0, 15],
			"to": [16, 12, 17],
			"faces": {
				"north": {"uv": [16, 0, 0, 16], "texture": "#0"},
				"east": {"uv": [16, 0, 0, 16], "texture": "#0"},
				"south": {"uv": [16, 0, 0, 16], "texture": "#0"},
				"west": {"uv": [16, 0, 0, 16], "texture": "#0"},
				"up": {"uv": [16, 0, 0, 16], "texture": "#0"},
				"down": {"uv": [16, 0, 0, 16], "texture": "#0"}
			}
		},
		{
			"name": "Cube",
			"from": [14, -1, 15.1],
			"to": [15, 1, 16.9],
			"faces": {
				"north": {
					"uv": [16, 0, 0, 16],
					"texture": "#0",
					"rotation": 180
				},
				"east": {
					"uv": [16, 0, 0, 16],
					"texture": "#0",
					"rotation": 90
				},
				"south": {"uv": [16, 0, 0, 16], "texture": "#0"},
				"west": {
					"uv": [16, 0, 0, 16],
					"texture": "#0",
					"rotation": 270
				},
				"up": {"uv": [16, 0, 0, 16], "texture": "#0"},
				"down": {
					"uv": [16, 0, 0, 16],
					"texture": "#0",
					"rotation": 180
				}
			},
			"rotation": {
				"origin": [15, 0, 16],
				"axis": "z",
				"angle": -45,
				"rescale": true
			}
		},
		{
			"name": "Cube",
			"from": [1, -1, 15.1],
			"to": [2, 1, 16.9],
			"faces": {
				"north": {
					"uv": [0, 0, 16, 16],
					"texture": "#0",
					"rotation": 180
				},
				"east": {
					"uv": [0, 0, 16, 16],
					"texture": "#0",
					"rotation": 270
				},
				"south": {"uv": [0, 0, 16, 16], "texture": "#0"},
				"west": {
					"uv": [0, 0, 16, 16],
					"texture": "#0",
					"rotation": 90
				},
				"up": {"uv": [0, 0, 16, 16], "texture": "#0"},
				"down": {
					"uv": [0, 0, 16, 16],
					"texture": "#0",
					"rotation": 180
				}
			},
			"rotation": {
				"origin": [1, 0, 16],
				"axis": "z",
				"angle": 45,
				"rescale": true
			}
		},
		{
			"name": "Cube",
			"from": [0, 0, 15],
			"to": [1, 12, 17],
			"faces": {
				"north": {"uv": [0, 0, 16, 16], "texture": "#0"},
				"east": {"uv": [0, 0, 16, 16], "texture": "#0"},
				"south": {"uv": [0, 0, 16, 16], "texture": "#0"},
				"west": {"uv": [0, 0, 16, 16], "texture": "#0"},
				"up": {"uv": [0, 0, 16, 16], "texture": "#0"},
				"down": {"uv": [0, 0, 16, 16], "texture": "#0"}
			}
		},
		{
			"name": "Cube",
			"from": [1, -1, 30.1],
			"to": [2, 1, 31.9],
			"faces": {
				"north": {
					"uv": [0, 0, 16, 16],
					"texture": "#0",
					"rotation": 180
				},
				"east": {
					"uv": [0, 0, 16, 16],
					"texture": "#0",
					"rotation": 270
				},
				"south": {"uv": [0, 0, 16, 16], "texture": "#0"},
				"west": {
					"uv": [0, 0, 16, 16],
					"texture": "#0",
					"rotation": 90
				},
				"up": {"uv": [0, 0, 16, 16], "texture": "#0"},
				"down": {
					"uv": [0, 0, 16, 16],
					"texture": "#0",
					"rotation": 180
				}
			},
			"rotation": {
				"origin": [1, 0, 31],
				"axis": "z",
				"angle": 45,
				"rescale": true
			}
		},
		{
			"name": "Cube",
			"from": [0, 0, 30],
			"to": [1, 12, 32],
			"faces": {
				"north": {"uv": [0, 0, 16, 16], "texture": "#0"},
				"east": {"uv": [0, 0, 16, 16], "texture": "#0"},
				"south": {"uv": [0, 0, 16, 16], "texture": "#0"},
				"west": {"uv": [0, 0, 16, 16], "texture": "#0"},
				"up": {"uv": [0, 0, 16, 16], "texture": "#0"},
				"down": {"uv": [0, 0, 16, 16], "texture": "#0"}
			}
		},
		{
			"name": "Cube",
			"from": [14, -1, 30.1],
			"to": [15, 1, 31.9],
			"faces": {
				"north": {
					"uv": [16, 0, 0, 16],
					"texture": "#0",
					"rotation": 180
				},
				"east": {
					"uv": [16, 0, 0, 16],
					"texture": "#0",
					"rotation": 90
				},
				"south": {"uv": [16, 0, 0, 16], "texture": "#0"},
				"west": {
					"uv": [16, 0, 0, 16],
					"texture": "#0",
					"rotation": 270
				},
				"up": {"uv": [16, 0, 0, 16], "texture": "#0"},
				"down": {
					"uv": [16, 0, 0, 16],
					"texture": "#0",
					"rotation": 180
				}
			},
			"rotation": {
				"origin": [15, 0, 31],
				"axis": "z",
				"angle": -45,
				"rescale": true
			}
		},
		{
			"name": "Cube",
			"from": [15, 0, 30],
			"to": [16, 12, 32],
			"faces": {
				"north": {"uv": [16, 0, 0, 16], "texture": "#0"},
				"east": {"uv": [16, 0, 0, 16], "texture": "#0"},
				"south": {"uv": [16, 0, 0, 16], "texture": "#0"},
				"west": {"uv": [16, 0, 0, 16], "texture": "#0"},
				"up": {"uv": [16, 0, 0, 16], "texture": "#0"},
				"down": {"uv": [16, 0, 0, 16], "texture": "#0"}
			}
		},
		{
			"name": "Cube",
			"from": [15, 0, -1],
			"to": [16, 12, 1],
			"faces": {
				"north": {"uv": [16, 0, 0, 16], "texture": "#0"},
				"east": {"uv": [16, 0, 0, 16], "texture": "#0"},
				"south": {"uv": [16, 0, 0, 16], "texture": "#0"},
				"west": {"uv": [16, 0, 0, 16], "texture": "#0"},
				"up": {"uv": [16, 0, 0, 16], "texture": "#0"},
				"down": {"uv": [16, 0, 0, 16], "texture": "#0"}
			}
		},
		{
			"name": "Cube",
			"from": [14, -1, -0.9000000000000004],
			"to": [15, 1, 0.8999999999999986],
			"faces": {
				"north": {
					"uv": [16, 0, 0, 16],
					"texture": "#0",
					"rotation": 180
				},
				"east": {
					"uv": [16, 0, 0, 16],
					"texture": "#0",
					"rotation": 90
				},
				"south": {"uv": [16, 0, 0, 16], "texture": "#0"},
				"west": {
					"uv": [16, 0, 0, 16],
					"texture": "#0",
					"rotation": 270
				},
				"up": {"uv": [16, 0, 0, 16], "texture": "#0"},
				"down": {
					"uv": [16, 0, 0, 16],
					"texture": "#0",
					"rotation": 180
				}
			},
			"rotation": {
				"origin": [15, 0, 0],
				"axis": "z",
				"angle": -45,
				"rescale": true
			}
		},
		{
			"name": "Cube",
			"from": [1, -1, -0.9000000000000004],
			"to": [2, 1, 0.8999999999999986],
			"faces": {
				"north": {
					"uv": [0, 0, 16, 16],
					"texture": "#0",
					"rotation": 180
				},
				"east": {
					"uv": [0, 0, 16, 16],
					"texture": "#0",
					"rotation": 270
				},
				"south": {"uv": [0, 0, 16, 16], "texture": "#0"},
				"west": {
					"uv": [0, 0, 16, 16],
					"texture": "#0",
					"rotation": 90
				},
				"up": {"uv": [0, 0, 16, 16], "texture": "#0"},
				"down": {
					"uv": [0, 0, 16, 16],
					"texture": "#0",
					"rotation": 180
				}
			},
			"rotation": {
				"origin": [1, 0, 0],
				"axis": "z",
				"angle": 45,
				"rescale": true
			}
		},
		{
			"name": "Cube",
			"from": [0, 0, -1],
			"to": [1, 12, 1],
			"faces": {
				"north": {"uv": [0, 0, 16, 16], "texture": "#0"},
				"east": {"uv": [0, 0, 16, 16], "texture": "#0"},
				"south": {"uv": [0, 0, 16, 16], "texture": "#0"},
				"west": {"uv": [0, 0, 16, 16], "texture": "#0"},
				"up": {"uv": [0, 0, 16, 16], "texture": "#0"},
				"down": {"uv": [0, 0, 16, 16], "texture": "#0"}
			}
		},
		{
			"name": "Cube",
			"from": [15, 0, -15],
			"to": [16, 12, -13],
			"faces": {
				"north": {"uv": [16, 0, 0, 16], "texture": "#0"},
				"east": {"uv": [16, 0, 0, 16], "texture": "#0"},
				"south": {"uv": [16, 0, 0, 16], "texture": "#0"},
				"west": {"uv": [16, 0, 0, 16], "texture": "#0"},
				"up": {"uv": [16, 0, 0, 16], "texture": "#0"},
				"down": {"uv": [16, 0, 0, 16], "texture": "#0"}
			}
		},
		{
			"name": "Cube",
			"from": [14, -1, -14.9],
			"to": [15, 1, -13.100000000000001],
			"faces": {
				"north": {
					"uv": [16, 0, 0, 16],
					"texture": "#0",
					"rotation": 180
				},
				"east": {
					"uv": [16, 0, 0, 16],
					"texture": "#0",
					"rotation": 90
				},
				"south": {"uv": [16, 0, 0, 16], "texture": "#0"},
				"west": {
					"uv": [16, 0, 0, 16],
					"texture": "#0",
					"rotation": 270
				},
				"up": {"uv": [16, 0, 0, 16], "texture": "#0"},
				"down": {
					"uv": [16, 0, 0, 16],
					"texture": "#0",
					"rotation": 180
				}
			},
			"rotation": {
				"origin": [15, 0, -14],
				"axis": "z",
				"angle": -45,
				"rescale": true
			}
		},
		{
			"name": "Cube",
			"from": [1, -1, -14.9],
			"to": [2, 1, -13.100000000000001],
			"faces": {
				"north": {
					"uv": [0, 0, 16, 16],
					"texture": "#0",
					"rotation": 180
				},
				"east": {
					"uv": [0, 0, 16, 16],
					"texture": "#0",
					"rotation": 270
				},
				"south": {"uv": [0, 0, 16, 16], "texture": "#0"},
				"west": {
					"uv": [0, 0, 16, 16],
					"texture": "#0",
					"rotation": 90
				},
				"up": {"uv": [0, 0, 16, 16], "texture": "#0"},
				"down": {
					"uv": [0, 0, 16, 16],
					"texture": "#0",
					"rotation": 180
				}
			},
			"rotation": {
				"origin": [1, 0, -14],
				"axis": "z",
				"angle": 45,
				"rescale": true
			}
		},
		{
			"name": "Cube",
			"from": [0, 0, -15],
			"to": [1, 12, -13],
			"faces": {
				"north": {"uv": [0, 0, 16, 16], "texture": "#0"},
				"east": {"uv": [0, 0, 16, 16], "texture": "#0"},
				"south": {"uv": [0, 0, 16, 16], "texture": "#0"},
				"west": {"uv": [0, 0, 16, 16], "texture": "#0"},
				"up": {"uv": [0, 0, 16, 16], "texture": "#0"},
				"down": {"uv": [0, 0, 16, 16], "texture": "#0"}
			}
		},
		{
			"name": "Cube",
			"from": [4, -9, 11],
			"to": [12, -3, 30],
			"faces": {
				"north": {"uv": [0, 0, 16, 16], "texture": "#1_1"},
				"east": {"uv": [0, 0, 16, 16], "texture": "#1_1"},
				"south": {"uv": [0, 0, 16, 16], "texture": "#1_1"},
				"west": {"uv": [0, 0, 16, 16], "texture": "#1_1"},
				"up": {"uv": [0, 0, 16, 16], "texture": "#1_1"},
				"down": {"uv": [0, 0, 16, 16], "texture": "#1_1"}
			}
		},
		{
			"name": "Cube",
			"from": [8.881784197001252e-16, -5, 11],
			"to": [4.000000000000001, -4, 13],
			"faces": {
				"north": {"uv": [16, 0, 0, 16], "texture": "#1_0"},
				"east": {"uv": [16, 0, 0, 16], "texture": "#1_0"},
				"south": {"uv": [16, 0, 0, 16], "texture": "#1_0"},
				"west": {"uv": [16, 0, 0, 16], "texture": "#1_0"},
				"up": {"uv": [16, 0, 0, 16], "texture": "#1_0"},
				"down": {"uv": [16, 0, 0, 16], "texture": "#1_0"}
			}
		},
		{
			"name": "Cube",
			"from": [8.881784197001252e-16, -8, 29.9],
			"to": [4.000000000000001, -5, 31],
			"faces": {
				"north": {"uv": [16, 0, 0, 16], "texture": "#1_0"},
				"east": {"uv": [16, 0, 0, 16], "texture": "#1_0"},
				"south": {"uv": [16, 0, 0, 16], "texture": "#1_0"},
				"west": {"uv": [16, 0, 0, 16], "texture": "#1_0"},
				"up": {"uv": [16, 0, 0, 16], "texture": "#1_0"},
				"down": {"uv": [16, 0, 0, 16], "texture": "#1_0"}
			}
		},
		{
			"name": "Cube",
			"from": [8.881784197001252e-16, -4, 13],
			"to": [4.000000000000001, -3, 17],
			"faces": {
				"north": {"uv": [16, 0, 0, 16], "texture": "#1_0"},
				"east": {"uv": [16, 0, 0, 16], "texture": "#1_0"},
				"south": {"uv": [16, 0, 0, 16], "texture": "#1_0"},
				"west": {"uv": [16, 0, 0, 16], "texture": "#1_0"},
				"up": {"uv": [16, 0, 0, 16], "texture": "#1_0"},
				"down": {"uv": [16, 0, 0, 16], "texture": "#1_0"}
			}
		},
		{
			"name": "Cube",
			"from": [8.881784197001252e-16, -5, 17],
			"to": [4.000000000000001, -4, 19],
			"faces": {
				"north": {"uv": [16, 0, 0, 16], "texture": "#1_0"},
				"east": {"uv": [16, 0, 0, 16], "texture": "#1_0"},
				"south": {"uv": [16, 0, 0, 16], "texture": "#1_0"},
				"west": {"uv": [16, 0, 0, 16], "texture": "#1_0"},
				"up": {"uv": [16, 0, 0, 16], "texture": "#1_0"},
				"down": {"uv": [16, 0, 0, 16], "texture": "#1_0"}
			}
		},
		{
			"name": "Cube",
			"from": [8.881784197001252e-16, -5, 27],
			"to": [4.000000000000001, -4, 29],
			"faces": {
				"north": {"uv": [16, 0, 0, 16], "texture": "#1_0"},
				"east": {"uv": [16, 0, 0, 16], "texture": "#1_0"},
				"south": {"uv": [16, 0, 0, 16], "texture": "#1_0"},
				"west": {"uv": [16, 0, 0, 16], "texture": "#1_0"},
				"up": {"uv": [16, 0, 0, 16], "texture": "#1_0"},
				"down": {"uv": [16, 0, 0, 16], "texture": "#1_0"}
			}
		},
		{
			"name": "Cube",
			"from": [8.881784197001252e-16, -4, 23],
			"to": [4.000000000000001, -3, 27],
			"faces": {
				"north": {"uv": [16, 0, 0, 16], "texture": "#1_0"},
				"east": {"uv": [16, 0, 0, 16], "texture": "#1_0"},
				"south": {"uv": [16, 0, 0, 16], "texture": "#1_0"},
				"west": {"uv": [16, 0, 0, 16], "texture": "#1_0"},
				"up": {"uv": [16, 0, 0, 16], "texture": "#1_0"},
				"down": {"uv": [16, 0, 0, 16], "texture": "#1_0"}
			}
		},
		{
			"name": "Cube",
			"from": [8.881784197001252e-16, -5, 21],
			"to": [4.000000000000001, -4, 23],
			"faces": {
				"north": {"uv": [16, 0, 0, 16], "texture": "#1_0"},
				"east": {"uv": [16, 0, 0, 16], "texture": "#1_0"},
				"south": {"uv": [16, 0, 0, 16], "texture": "#1_0"},
				"west": {"uv": [16, 0, 0, 16], "texture": "#1_0"},
				"up": {"uv": [16, 0, 0, 16], "texture": "#1_0"},
				"down": {"uv": [16, 0, 0, 16], "texture": "#1_0"}
			}
		},
		{
			"name": "Cube",
			"from": [8.881784197001252e-16, -6, 19],
			"to": [4.000000000000001, -5, 21],
			"faces": {
				"north": {"uv": [16, 0, 0, 16], "texture": "#1_0"},
				"east": {"uv": [16, 0, 0, 16], "texture": "#1_0"},
				"south": {"uv": [16, 0, 0, 16], "texture": "#1_0"},
				"west": {"uv": [16, 0, 0, 16], "texture": "#1_0"},
				"up": {"uv": [16, 0, 0, 16], "texture": "#1_0"},
				"down": {"uv": [16, 0, 0, 16], "texture": "#1_0"}
			}
		},
		{
			"name": "Cube",
			"from": [8.881784197001252e-16, -6, 29],
			"to": [4.000000000000001, -5, 30],
			"faces": {
				"north": {"uv": [16, 0, 0, 16], "texture": "#1_0"},
				"east": {"uv": [16, 0, 0, 16], "texture": "#1_0"},
				"south": {"uv": [16, 0, 0, 16], "texture": "#1_0"},
				"west": {"uv": [16, 0, 0, 16], "texture": "#1_0"},
				"up": {"uv": [16, 0, 0, 16], "texture": "#1_0"},
				"down": {"uv": [16, 0, 0, 16], "texture": "#1_0"}
			}
		},
		{
			"name": "Cube",
			"from": [12, -8, 10],
			"to": [16, -5, 11],
			"faces": {
				"north": {"uv": [0, 0, 16, 16], "texture": "#1_0"},
				"east": {"uv": [0, 0, 16, 16], "texture": "#1_0"},
				"south": {"uv": [0, 0, 16, 16], "texture": "#1_0"},
				"west": {"uv": [0, 0, 16, 16], "texture": "#1_0"},
				"up": {"uv": [0, 0, 16, 16], "texture": "#1_0"},
				"down": {"uv": [0, 0, 16, 16], "texture": "#1_0"}
			}
		},
		{
			"name": "Cube",
			"from": [12, -5, 11],
			"to": [16, -4, 13],
			"faces": {
				"north": {"uv": [0, 0, 16, 16], "texture": "#1_0"},
				"east": {"uv": [0, 0, 16, 16], "texture": "#1_0"},
				"south": {"uv": [0, 0, 16, 16], "texture": "#1_0"},
				"west": {"uv": [0, 0, 16, 16], "texture": "#1_0"},
				"up": {"uv": [0, 0, 16, 16], "texture": "#1_0"},
				"down": {"uv": [0, 0, 16, 16], "texture": "#1_0"}
			}
		},
		{
			"name": "Cube",
			"from": [12, -4, 13],
			"to": [16, -3, 17],
			"faces": {
				"north": {"uv": [0, 0, 16, 16], "texture": "#1_0"},
				"east": {"uv": [0, 0, 16, 16], "texture": "#1_0"},
				"south": {"uv": [0, 0, 16, 16], "texture": "#1_0"},
				"west": {"uv": [0, 0, 16, 16], "texture": "#1_0"},
				"up": {"uv": [0, 0, 16, 16], "texture": "#1_0"},
				"down": {"uv": [0, 0, 16, 16], "texture": "#1_0"}
			}
		},
		{
			"name": "Cube",
			"from": [12, -5, 17],
			"to": [16, -4, 19],
			"faces": {
				"north": {"uv": [0, 0, 16, 16], "texture": "#1_0"},
				"east": {"uv": [0, 0, 16, 16], "texture": "#1_0"},
				"south": {"uv": [0, 0, 16, 16], "texture": "#1_0"},
				"west": {"uv": [0, 0, 16, 16], "texture": "#1_0"},
				"up": {"uv": [0, 0, 16, 16], "texture": "#1_0"},
				"down": {"uv": [0, 0, 16, 16], "texture": "#1_0"}
			}
		},
		{
			"name": "Cube",
			"from": [12, -4, 23],
			"to": [16, -3, 27],
			"faces": {
				"north": {"uv": [0, 0, 16, 16], "texture": "#1_0"},
				"east": {"uv": [0, 0, 16, 16], "texture": "#1_0"},
				"south": {"uv": [0, 0, 16, 16], "texture": "#1_0"},
				"west": {"uv": [0, 0, 16, 16], "texture": "#1_0"},
				"up": {"uv": [0, 0, 16, 16], "texture": "#1_0"},
				"down": {"uv": [0, 0, 16, 16], "texture": "#1_0"}
			}
		},
		{
			"name": "Cube",
			"from": [12, -5, 27],
			"to": [16, -4, 29],
			"faces": {
				"north": {"uv": [0, 0, 16, 16], "texture": "#1_0"},
				"east": {"uv": [0, 0, 16, 16], "texture": "#1_0"},
				"south": {"uv": [0, 0, 16, 16], "texture": "#1_0"},
				"west": {"uv": [0, 0, 16, 16], "texture": "#1_0"},
				"up": {"uv": [0, 0, 16, 16], "texture": "#1_0"},
				"down": {"uv": [0, 0, 16, 16], "texture": "#1_0"}
			}
		},
		{
			"name": "Cube",
			"from": [12, -6, 29],
			"to": [16, -5, 30],
			"faces": {
				"north": {"uv": [0, 0, 16, 16], "texture": "#1_0"},
				"east": {"uv": [0, 0, 16, 16], "texture": "#1_0"},
				"south": {"uv": [0, 0, 16, 16], "texture": "#1_0"},
				"west": {"uv": [0, 0, 16, 16], "texture": "#1_0"},
				"up": {"uv": [0, 0, 16, 16], "texture": "#1_0"},
				"down": {"uv": [0, 0, 16, 16], "texture": "#1_0"}
			}
		},
		{
			"name": "Cube",
			"from": [12, -5, 21],
			"to": [16, -4, 23],
			"faces": {
				"north": {"uv": [0, 0, 16, 16], "texture": "#1_0"},
				"east": {"uv": [0, 0, 16, 16], "texture": "#1_0"},
				"south": {"uv": [0, 0, 16, 16], "texture": "#1_0"},
				"west": {"uv": [0, 0, 16, 16], "texture": "#1_0"},
				"up": {"uv": [0, 0, 16, 16], "texture": "#1_0"},
				"down": {"uv": [0, 0, 16, 16], "texture": "#1_0"}
			}
		},
		{
			"name": "Cube",
			"from": [12, -6, 19],
			"to": [16, -5, 21],
			"faces": {
				"north": {"uv": [0, 0, 16, 16], "texture": "#1_0"},
				"east": {"uv": [0, 0, 16, 16], "texture": "#1_0"},
				"south": {"uv": [0, 0, 16, 16], "texture": "#1_0"},
				"west": {"uv": [0, 0, 16, 16], "texture": "#1_0"},
				"up": {"uv": [0, 0, 16, 16], "texture": "#1_0"},
				"down": {"uv": [0, 0, 16, 16], "texture": "#1_0"}
			}
		},
		{
			"name": "Cube",
			"from": [3, -3, -16],
			"to": [5, -1, 0],
			"faces": {
				"north": {"uv": [0, 0, 16, 16], "texture": "#0"},
				"east": {"uv": [0, 0, 16, 16], "texture": "#0"},
				"south": {"uv": [0, 0, 16, 16], "texture": "#0"},
				"west": {"uv": [0, 0, 16, 16], "texture": "#0"},
				"up": {"uv": [0, 0, 16, 16], "texture": "#0"},
				"down": {"uv": [0, 0, 16, 16], "texture": "#0"}
			}
		},
		{
			"name": "Cube",
			"from": [8.881784197001252e-16, -8, 10],
			"to": [4.000000000000001, -5, 11],
			"faces": {
				"north": {"uv": [16, 0, 0, 16], "texture": "#1_0"},
				"east": {"uv": [16, 0, 0, 16], "texture": "#1_0"},
				"south": {"uv": [16, 0, 0, 16], "texture": "#1_0"},
				"west": {"uv": [16, 0, 0, 16], "texture": "#1_0"},
				"up": {"uv": [16, 0, 0, 16], "texture": "#1_0"},
				"down": {"uv": [16, 0, 0, 16], "texture": "#1_0"}
			}
		},
		{
			"name": "Cube",
			"from": [12, -8, 29.9],
			"to": [16, -5, 31],
			"faces": {
				"north": {"uv": [16, 0, 0, 16], "texture": "#1_0"},
				"east": {"uv": [16, 0, 0, 16], "texture": "#1_0"},
				"south": {"uv": [16, 0, 0, 16], "texture": "#1_0"},
				"west": {"uv": [16, 0, 0, 16], "texture": "#1_0"},
				"up": {"uv": [16, 0, 0, 16], "texture": "#1_0"},
				"down": {"uv": [16, 0, 0, 16], "texture": "#1_0"}
			}
		}
	],
	"groups": [
		2,
		4,
		6,
		8,
		10,
		12,
		14,
		16,
		18,
		20,
		22,
		24,
		26,
		28,
		30,
		32,
		34,
		36,
		38,
		40,
		42,
		44,
		46,
		48,
		50,
		52,
		54,
		56,
		58,
		60,
		62,
		64,
		66,
		{
			"name": "trailer2",
			"origin": [8, 8, 8],
			"isOpen": true,
			"display": {
				"visibility": true,
				"export": true,
				"autouv": true
			},
			"children": [
				61,
				62,
				63,
				64,
				65,
				66,
				67,
				68,
				69,
				70,
				71,
				72,
				73,
				74,
				75,
				76,
				77,
				78,
				79,
				0,
				1,
				3,
				5,
				7,
				9,
				11,
				13,
				15,
				17,
				19,
				21,
				23,
				25,
				27,
				29,
				31,
				33,
				35,
				37,
				39,
				41,
				43,
				45,
				47,
				49,
				51,
				53,
				55,
				57,
				59,
				81,
				82
			]
		},
		80
	],
	"display": {
		"head": {
			"rotation": [0, 0, 0],
			"scale": [3.5, 3.5, 4],
			"translation": [0, 0, 10]
		},
		"thirdperson_righthand": {"scale": [1, 1, 1]},
		"ground": {"scale": [1, 1, 1]},
		"fixed": {"scale": [1, 1, 1]},
		"gui": {"scale": [1, 1, 1]},
		"firstperson_lefthand": {"scale": [1, 1, 1]}
	}
}