{
	"credit": "Made with Blockbench, a free, modern block model editor by JannisX11",
	"textures": {
		"0": "block/anvil_base",
		"1": "block/iron_block",
		"2": "block/concrete_white",
		"3": "block/concrete_red",
		"4": "block/hardened_clay_stained_red",
		"5": "block/stone",
		"1_0": "block/stone_andesite_smooth",
		"particle": "block/stone_andesite_smooth",
		"1_1": "block/concrete_gray"
	},
	"elements": [
		{
			"name": "Cube",
			"from": [-2, -7, 30.599999999999998],
			"to": [18, -4, 31.9],
			"faces": {
				"north": {"uv": [0, 0, 16, 16], "texture": "#0"},
				"east": {"uv": [0, 0, 16, 16], "texture": "#0"},
				"south": {"uv": [0, 0, 16, 16], "texture": "#0"},
				"west": {"uv": [0, 0, 16, 16], "texture": "#0"},
				"up": {"uv": [0, 0, 16, 16], "texture": "#0"},
				"down": {"uv": [0, 0, 16, 16], "texture": "#0"}
			}
		},
		{
			"name": "Cube",
			"from": [1.0000000000000009, -4, 30.9],
			"to": [4.000000000000001, -2, 31.9],
			"faces": {
				"north": {"uv": [0, 0, 16, 16], "texture": "#0"},
				"east": {"uv": [0, 0, 16, 16], "texture": "#0"},
				"south": {"uv": [0, 0, 16, 16], "texture": "#0"},
				"west": {"uv": [0, 0, 16, 16], "texture": "#0"},
				"up": {"uv": [0, 0, 16, 16], "texture": "#0"},
				"down": {"uv": [0, 0, 16, 16], "texture": "#0"}
			}
		},
		{
			"name": "Cube",
			"from": [12.2, -3.8, 31],
			"to": [14.8, -2.1999999999999997, 32],
			"faces": {
				"north": {"uv": [0, 0, 16, 16], "texture": "#4"},
				"east": {"uv": [0, 0, 16, 16], "texture": "#4"},
				"south": {"uv": [0, 0, 16, 16], "texture": "#4"},
				"west": {"uv": [0, 0, 16, 16], "texture": "#4"},
				"up": {"uv": [0, 0, 16, 16], "texture": "#4"},
				"down": {"uv": [0, 0, 16, 16], "texture": "#4"}
			}
		},
		{
			"name": "Cube",
			"from": [6, -5, -12],
			"to": [10, -3, -9],
			"faces": {
				"north": {"uv": [0, 0, 16, 16], "texture": "#1_0"},
				"east": {"uv": [0, 0, 16, 16], "texture": "#1_0"},
				"south": {"uv": [0, 0, 16, 16], "texture": "#1_0"},
				"west": {"uv": [0, 0, 16, 16], "texture": "#1_0"},
				"up": {"uv": [0, 0, 16, 16], "texture": "#1_0"},
				"down": {"uv": [0, 0, 16, 16], "texture": "#1_0"}
			}
		},
		{
			"name": "Cube",
			"from": [2.8999999999999986, -2.5, -10],
			"to": [4.099999999999998, -1.5, -8],
			"faces": {
				"north": {"uv": [0, 0, 16, 16], "texture": "#3"},
				"east": {"uv": [0, 0, 16, 16], "texture": "#3"},
				"south": {"uv": [0, 0, 16, 16], "texture": "#3"},
				"west": {"uv": [0, 0, 16, 16], "texture": "#3"},
				"up": {"uv": [0, 0, 16, 16], "texture": "#3"},
				"down": {"uv": [0, 0, 16, 16], "texture": "#3"}
			}
		},
		{
			"name": "Cube",
			"from": [2.8999999999999986, -2.5, -8],
			"to": [4.099999999999998, -1.5, -6],
			"faces": {
				"north": {"uv": [0, 0, 16, 16], "texture": "#2"},
				"east": {"uv": [0, 0, 16, 16], "texture": "#2"},
				"south": {"uv": [0, 0, 16, 16], "texture": "#2"},
				"west": {"uv": [0, 0, 16, 16], "texture": "#2"},
				"up": {"uv": [0, 0, 16, 16], "texture": "#2"},
				"down": {"uv": [0, 0, 16, 16], "texture": "#2"}
			}
		},
		{
			"name": "Cube",
			"from": [2.8999999999999986, -2.5, 6],
			"to": [4.099999999999998, -1.5, 8],
			"faces": {
				"north": {"uv": [0, 0, 16, 16], "texture": "#3"},
				"east": {"uv": [0, 0, 16, 16], "texture": "#3"},
				"south": {"uv": [0, 0, 16, 16], "texture": "#3"},
				"west": {"uv": [0, 0, 16, 16], "texture": "#3"},
				"up": {"uv": [0, 0, 16, 16], "texture": "#3"},
				"down": {"uv": [0, 0, 16, 16], "texture": "#3"}
			}
		},
		{
			"name": "Cube",
			"from": [2.8999999999999986, -2.5, 8],
			"to": [4.099999999999998, -1.5, 10],
			"faces": {
				"north": {"uv": [0, 0, 16, 16], "texture": "#2"},
				"east": {"uv": [0, 0, 16, 16], "texture": "#2"},
				"south": {"uv": [0, 0, 16, 16], "texture": "#2"},
				"west": {"uv": [0, 0, 16, 16], "texture": "#2"},
				"up": {"uv": [0, 0, 16, 16], "texture": "#2"},
				"down": {"uv": [0, 0, 16, 16], "texture": "#2"}
			}
		},
		{
			"name": "Cube",
			"from": [2.8999999999999986, -2.5, 22],
			"to": [4.099999999999998, -1.5, 24],
			"faces": {
				"north": {"uv": [0, 0, 16, 16], "texture": "#3"},
				"east": {"uv": [0, 0, 16, 16], "texture": "#3"},
				"south": {"uv": [0, 0, 16, 16], "texture": "#3"},
				"west": {"uv": [0, 0, 16, 16], "texture": "#3"},
				"up": {"uv": [0, 0, 16, 16], "texture": "#3"},
				"down": {"uv": [0, 0, 16, 16], "texture": "#3"}
			}
		},
		{
			"name": "Cube",
			"from": [2.8999999999999986, -2.5, 24],
			"to": [4.099999999999998, -1.5, 26],
			"faces": {
				"north": {"uv": [0, 0, 16, 16], "texture": "#2"},
				"east": {"uv": [0, 0, 16, 16], "texture": "#2"},
				"south": {"uv": [0, 0, 16, 16], "texture": "#2"},
				"west": {"uv": [0, 0, 16, 16], "texture": "#2"},
				"up": {"uv": [0, 0, 16, 16], "texture": "#2"},
				"down": {"uv": [0, 0, 16, 16], "texture": "#2"}
			}
		},
		{
			"name": "Cube",
			"from": [12, -4, 30.9],
			"to": [15, -2, 31.9],
			"faces": {
				"north": {"uv": [0, 0, 16, 16], "texture": "#0"},
				"east": {"uv": [0, 0, 16, 16], "texture": "#0"},
				"south": {"uv": [0, 0, 16, 16], "texture": "#0"},
				"west": {"uv": [0, 0, 16, 16], "texture": "#0"},
				"up": {"uv": [0, 0, 16, 16], "texture": "#0"},
				"down": {"uv": [0, 0, 16, 16], "texture": "#0"}
			}
		},
		{
			"name": "Cube",
			"from": [1.1999999999999993, -3.8, 31],
			"to": [3.8000000000000007, -2.1999999999999997, 32],
			"faces": {
				"north": {"uv": [0, 0, 16, 16], "texture": "#4"},
				"east": {"uv": [0, 0, 16, 16], "texture": "#4"},
				"south": {"uv": [0, 0, 16, 16], "texture": "#4"},
				"west": {"uv": [0, 0, 16, 16], "texture": "#4"},
				"up": {"uv": [0, 0, 16, 16], "texture": "#4"},
				"down": {"uv": [0, 0, 16, 16], "texture": "#4"}
			}
		},
		{
			"name": "Cube",
			"from": [0.10000000000000142, -6.5, 30],
			"to": [2.1000000000000014, -5.5, 32],
			"faces": {
				"north": {"uv": [16, 0, 0, 16], "texture": "#3"},
				"east": {"uv": [16, 0, 0, 16], "texture": "#3"},
				"south": {"uv": [16, 0, 0, 16], "texture": "#3"},
				"west": {"uv": [16, 0, 0, 16], "texture": "#3"},
				"up": {"uv": [16, 0, 0, 16], "texture": "#3"},
				"down": {"uv": [16, 0, 0, 16], "texture": "#3"}
			}
		},
		{
			"name": "Cube",
			"from": [2.1000000000000014, -6.5, 30],
			"to": [4.100000000000001, -5.5, 32],
			"faces": {
				"north": {"uv": [16, 0, 0, 16], "texture": "#2"},
				"east": {"uv": [16, 0, 0, 16], "texture": "#2"},
				"south": {"uv": [16, 0, 0, 16], "texture": "#2"},
				"west": {"uv": [16, 0, 0, 16], "texture": "#2"},
				"up": {"uv": [16, 0, 0, 16], "texture": "#2"},
				"down": {"uv": [16, 0, 0, 16], "texture": "#2"}
			}
		},
		{
			"name": "Cube",
			"from": [13.899999999999999, -6.5, 30],
			"to": [15.899999999999999, -5.5, 32],
			"faces": {
				"north": {"uv": [0, 0, 16, 16], "texture": "#3"},
				"east": {"uv": [0, 0, 16, 16], "texture": "#3"},
				"south": {"uv": [0, 0, 16, 16], "texture": "#3"},
				"west": {"uv": [0, 0, 16, 16], "texture": "#3"},
				"up": {"uv": [0, 0, 16, 16], "texture": "#3"},
				"down": {"uv": [0, 0, 16, 16], "texture": "#3"}
			}
		},
		{
			"name": "Cube",
			"from": [11.899999999999999, -6.5, 30],
			"to": [13.899999999999999, -5.5, 32],
			"faces": {
				"north": {"uv": [0, 0, 16, 16], "texture": "#2"},
				"east": {"uv": [0, 0, 16, 16], "texture": "#2"},
				"south": {"uv": [0, 0, 16, 16], "texture": "#2"},
				"west": {"uv": [0, 0, 16, 16], "texture": "#2"},
				"up": {"uv": [0, 0, 16, 16], "texture": "#2"},
				"down": {"uv": [0, 0, 16, 16], "texture": "#2"}
			}
		},
		{
			"name": "Cube",
			"from": [13.899999999999999, -6.5, 30],
			"to": [15.899999999999999, -5.5, 32],
			"faces": {
				"north": {"uv": [0, 0, 16, 16], "texture": "#3"},
				"east": {"uv": [0, 0, 16, 16], "texture": "#3"},
				"south": {"uv": [0, 0, 16, 16], "texture": "#3"},
				"west": {"uv": [0, 0, 16, 16], "texture": "#3"},
				"up": {"uv": [0, 0, 16, 16], "texture": "#3"},
				"down": {"uv": [0, 0, 16, 16], "texture": "#3"}
			}
		},
		{
			"name": "Cube",
			"from": [11.899999999999999, -6.5, 30],
			"to": [13.899999999999999, -5.5, 32],
			"faces": {
				"north": {"uv": [0, 0, 16, 16], "texture": "#2"},
				"east": {"uv": [0, 0, 16, 16], "texture": "#2"},
				"south": {"uv": [0, 0, 16, 16], "texture": "#2"},
				"west": {"uv": [0, 0, 16, 16], "texture": "#2"},
				"up": {"uv": [0, 0, 16, 16], "texture": "#2"},
				"down": {"uv": [0, 0, 16, 16], "texture": "#2"}
			}
		},
		{
			"name": "Cube",
			"from": [2.8999999999999986, -2.5, 16],
			"to": [4.099999999999998, -1.5, 18],
			"faces": {
				"north": {"uv": [0, 0, 16, 16], "texture": "#2"},
				"east": {"uv": [0, 0, 16, 16], "texture": "#2"},
				"south": {"uv": [0, 0, 16, 16], "texture": "#2"},
				"west": {"uv": [0, 0, 16, 16], "texture": "#2"},
				"up": {"uv": [0, 0, 16, 16], "texture": "#2"},
				"down": {"uv": [0, 0, 16, 16], "texture": "#2"}
			}
		},
		{
			"name": "Cube",
			"from": [2.8999999999999986, -2.5, 14],
			"to": [4.099999999999998, -1.5, 16],
			"faces": {
				"north": {"uv": [0, 0, 16, 16], "texture": "#3"},
				"east": {"uv": [0, 0, 16, 16], "texture": "#3"},
				"south": {"uv": [0, 0, 16, 16], "texture": "#3"},
				"west": {"uv": [0, 0, 16, 16], "texture": "#3"},
				"up": {"uv": [0, 0, 16, 16], "texture": "#3"},
				"down": {"uv": [0, 0, 16, 16], "texture": "#3"}
			}
		},
		{
			"name": "Cube",
			"from": [2.8999999999999986, -2.5, 0],
			"to": [4.099999999999998, -1.5, 2],
			"faces": {
				"north": {"uv": [0, 0, 16, 16], "texture": "#2"},
				"east": {"uv": [0, 0, 16, 16], "texture": "#2"},
				"south": {"uv": [0, 0, 16, 16], "texture": "#2"},
				"west": {"uv": [0, 0, 16, 16], "texture": "#2"},
				"up": {"uv": [0, 0, 16, 16], "texture": "#2"},
				"down": {"uv": [0, 0, 16, 16], "texture": "#2"}
			}
		},
		{
			"name": "Cube",
			"from": [2.8999999999999986, -2.5, -2],
			"to": [4.099999999999998, -1.5, 0],
			"faces": {
				"north": {"uv": [0, 0, 16, 16], "texture": "#3"},
				"east": {"uv": [0, 0, 16, 16], "texture": "#3"},
				"south": {"uv": [0, 0, 16, 16], "texture": "#3"},
				"west": {"uv": [0, 0, 16, 16], "texture": "#3"},
				"up": {"uv": [0, 0, 16, 16], "texture": "#3"},
				"down": {"uv": [0, 0, 16, 16], "texture": "#3"}
			}
		},
		{
			"name": "Cube",
			"from": [11.900000000000002, -2.5, -10],
			"to": [13.100000000000001, -1.5, -8],
			"faces": {
				"north": {"uv": [16, 0, 0, 16], "texture": "#3"},
				"east": {"uv": [16, 0, 0, 16], "texture": "#3"},
				"south": {"uv": [16, 0, 0, 16], "texture": "#3"},
				"west": {"uv": [16, 0, 0, 16], "texture": "#3"},
				"up": {"uv": [16, 0, 0, 16], "texture": "#3"},
				"down": {"uv": [16, 0, 0, 16], "texture": "#3"}
			}
		},
		{
			"name": "Cube",
			"from": [11.900000000000002, -2.5, -8],
			"to": [13.100000000000001, -1.5, -6],
			"faces": {
				"north": {"uv": [16, 0, 0, 16], "texture": "#2"},
				"east": {"uv": [16, 0, 0, 16], "texture": "#2"},
				"south": {"uv": [16, 0, 0, 16], "texture": "#2"},
				"west": {"uv": [16, 0, 0, 16], "texture": "#2"},
				"up": {"uv": [16, 0, 0, 16], "texture": "#2"},
				"down": {"uv": [16, 0, 0, 16], "texture": "#2"}
			}
		},
		{
			"name": "Cube",
			"from": [11.900000000000002, -2.5, 0],
			"to": [13.100000000000001, -1.5, 2],
			"faces": {
				"north": {"uv": [16, 0, 0, 16], "texture": "#2"},
				"east": {"uv": [16, 0, 0, 16], "texture": "#2"},
				"south": {"uv": [16, 0, 0, 16], "texture": "#2"},
				"west": {"uv": [16, 0, 0, 16], "texture": "#2"},
				"up": {"uv": [16, 0, 0, 16], "texture": "#2"},
				"down": {"uv": [16, 0, 0, 16], "texture": "#2"}
			}
		},
		{
			"name": "Cube",
			"from": [11.900000000000002, -2.5, -2],
			"to": [13.100000000000001, -1.5, 0],
			"faces": {
				"north": {"uv": [16, 0, 0, 16], "texture": "#3"},
				"east": {"uv": [16, 0, 0, 16], "texture": "#3"},
				"south": {"uv": [16, 0, 0, 16], "texture": "#3"},
				"west": {"uv": [16, 0, 0, 16], "texture": "#3"},
				"up": {"uv": [16, 0, 0, 16], "texture": "#3"},
				"down": {"uv": [16, 0, 0, 16], "texture": "#3"}
			}
		},
		{
			"name": "Cube",
			"from": [11.900000000000002, -2.5, 6],
			"to": [13.100000000000001, -1.5, 8],
			"faces": {
				"north": {"uv": [16, 0, 0, 16], "texture": "#3"},
				"east": {"uv": [16, 0, 0, 16], "texture": "#3"},
				"south": {"uv": [16, 0, 0, 16], "texture": "#3"},
				"west": {"uv": [16, 0, 0, 16], "texture": "#3"},
				"up": {"uv": [16, 0, 0, 16], "texture": "#3"},
				"down": {"uv": [16, 0, 0, 16], "texture": "#3"}
			}
		},
		{
			"name": "Cube",
			"from": [11.900000000000002, -2.5, 8],
			"to": [13.100000000000001, -1.5, 10],
			"faces": {
				"north": {"uv": [16, 0, 0, 16], "texture": "#2"},
				"east": {"uv": [16, 0, 0, 16], "texture": "#2"},
				"south": {"uv": [16, 0, 0, 16], "texture": "#2"},
				"west": {"uv": [16, 0, 0, 16], "texture": "#2"},
				"up": {"uv": [16, 0, 0, 16], "texture": "#2"},
				"down": {"uv": [16, 0, 0, 16], "texture": "#2"}
			}
		},
		{
			"name": "Cube",
			"from": [11.900000000000002, -2.5, 14],
			"to": [13.100000000000001, -1.5, 16],
			"faces": {
				"north": {"uv": [16, 0, 0, 16], "texture": "#3"},
				"east": {"uv": [16, 0, 0, 16], "texture": "#3"},
				"south": {"uv": [16, 0, 0, 16], "texture": "#3"},
				"west": {"uv": [16, 0, 0, 16], "texture": "#3"},
				"up": {"uv": [16, 0, 0, 16], "texture": "#3"},
				"down": {"uv": [16, 0, 0, 16], "texture": "#3"}
			}
		},
		{
			"name": "Cube",
			"from": [11.900000000000002, -2.5, 16],
			"to": [13.100000000000001, -1.5, 18],
			"faces": {
				"north": {"uv": [16, 0, 0, 16], "texture": "#2"},
				"east": {"uv": [16, 0, 0, 16], "texture": "#2"},
				"south": {"uv": [16, 0, 0, 16], "texture": "#2"},
				"west": {"uv": [16, 0, 0, 16], "texture": "#2"},
				"up": {"uv": [16, 0, 0, 16], "texture": "#2"},
				"down": {"uv": [16, 0, 0, 16], "texture": "#2"}
			}
		},
		{
			"name": "Cube",
			"from": [11.900000000000002, -2.5, 22],
			"to": [13.100000000000001, -1.5, 24],
			"faces": {
				"north": {"uv": [16, 0, 0, 16], "texture": "#3"},
				"east": {"uv": [16, 0, 0, 16], "texture": "#3"},
				"south": {"uv": [16, 0, 0, 16], "texture": "#3"},
				"west": {"uv": [16, 0, 0, 16], "texture": "#3"},
				"up": {"uv": [16, 0, 0, 16], "texture": "#3"},
				"down": {"uv": [16, 0, 0, 16], "texture": "#3"}
			}
		},
		{
			"name": "Cube",
			"from": [11.900000000000002, -2.5, 24],
			"to": [13.100000000000001, -1.5, 26],
			"faces": {
				"north": {"uv": [16, 0, 0, 16], "texture": "#2"},
				"east": {"uv": [16, 0, 0, 16], "texture": "#2"},
				"south": {"uv": [16, 0, 0, 16], "texture": "#2"},
				"west": {"uv": [16, 0, 0, 16], "texture": "#2"},
				"up": {"uv": [16, 0, 0, 16], "texture": "#2"},
				"down": {"uv": [16, 0, 0, 16], "texture": "#2"}
			}
		},
		{
			"name": "Cube",
			"from": [0, -0.9999999999999998, 16],
			"to": [16, 1.0000000000000002, 31.9],
			"faces": {
				"north": {"uv": [0, 0, 16, 16], "texture": "#1"},
				"east": {"uv": [0, 0, 16, 16], "texture": "#1"},
				"south": {"uv": [0, 0, 16, 16], "texture": "#1"},
				"west": {"uv": [0, 0, 16, 16], "texture": "#1"},
				"up": {"uv": [0, 0, 16, 16], "texture": "#1"},
				"down": {"uv": [0, 0, 16, 16], "texture": "#1"}
			}
		},
		{
			"name": "Cube",
			"from": [3, -3, -15],
			"to": [13, -1, 0],
			"faces": {
				"north": {"uv": [0, 0, 16, 16], "texture": "#0"},
				"east": {"uv": [0, 0, 16, 16], "texture": "#0"},
				"south": {"uv": [0, 0, 16, 16], "texture": "#0"},
				"west": {"uv": [0, 0, 16, 16], "texture": "#0"},
				"up": {"uv": [0, 0, 16, 16], "texture": "#0"},
				"down": {"uv": [0, 0, 16, 16], "texture": "#0"}
			}
		},
		{
			"name": "Cube",
			"from": [17.5, 2, 30],
			"to": [19, 11.5, 32],
			"faces": {
				"north": {"uv": [0, 0, 16, 16], "texture": "#1"},
				"east": {"uv": [0, 0, 16, 16], "texture": "#1"},
				"south": {"uv": [0, 0, 16, 16], "texture": "#1"},
				"west": {"uv": [0, 0, 16, 16], "texture": "#1"},
				"up": {"uv": [0, 0, 16, 16], "texture": "#1"},
				"down": {"uv": [0, 0, 16, 16], "texture": "#1"}
			}
		},
		{
			"name": "Cube",
			"from": [4, -9, 11],
			"to": [12, -3, 30],
			"faces": {
				"north": {"uv": [0, 0, 16, 16], "texture": "#1_1"},
				"east": {"uv": [0, 0, 16, 16], "texture": "#1_1"},
				"south": {"uv": [0, 0, 16, 16], "texture": "#1_1"},
				"west": {"uv": [0, 0, 16, 16], "texture": "#1_1"},
				"up": {"uv": [0, 0, 16, 16], "texture": "#1_1"},
				"down": {"uv": [0, 0, 16, 16], "texture": "#1_1"}
			}
		},
		{
			"name": "Cube",
			"from": [8.881784197001252e-16, -5, 11],
			"to": [4.000000000000001, -4, 13],
			"faces": {
				"north": {"uv": [16, 0, 0, 16], "texture": "#1_0"},
				"east": {"uv": [16, 0, 0, 16], "texture": "#1_0"},
				"south": {"uv": [16, 0, 0, 16], "texture": "#1_0"},
				"west": {"uv": [16, 0, 0, 16], "texture": "#1_0"},
				"up": {"uv": [16, 0, 0, 16], "texture": "#1_0"},
				"down": {"uv": [16, 0, 0, 16], "texture": "#1_0"}
			}
		},
		{
			"name": "Cube",
			"from": [8.881784197001252e-16, -8, 29.9],
			"to": [4.000000000000001, -5, 31],
			"faces": {
				"north": {"uv": [16, 0, 0, 16], "texture": "#1_0"},
				"east": {"uv": [16, 0, 0, 16], "texture": "#1_0"},
				"south": {"uv": [16, 0, 0, 16], "texture": "#1_0"},
				"west": {"uv": [16, 0, 0, 16], "texture": "#1_0"},
				"up": {"uv": [16, 0, 0, 16], "texture": "#1_0"},
				"down": {"uv": [16, 0, 0, 16], "texture": "#1_0"}
			}
		},
		{
			"name": "Cube",
			"from": [8.881784197001252e-16, -4, 13],
			"to": [4.000000000000001, -3, 17],
			"faces": {
				"north": {"uv": [16, 0, 0, 16], "texture": "#1_0"},
				"east": {"uv": [16, 0, 0, 16], "texture": "#1_0"},
				"south": {"uv": [16, 0, 0, 16], "texture": "#1_0"},
				"west": {"uv": [16, 0, 0, 16], "texture": "#1_0"},
				"up": {"uv": [16, 0, 0, 16], "texture": "#1_0"},
				"down": {"uv": [16, 0, 0, 16], "texture": "#1_0"}
			}
		},
		{
			"name": "Cube",
			"from": [8.881784197001252e-16, -5, 17],
			"to": [4.000000000000001, -4, 19],
			"faces": {
				"north": {"uv": [16, 0, 0, 16], "texture": "#1_0"},
				"east": {"uv": [16, 0, 0, 16], "texture": "#1_0"},
				"south": {"uv": [16, 0, 0, 16], "texture": "#1_0"},
				"west": {"uv": [16, 0, 0, 16], "texture": "#1_0"},
				"up": {"uv": [16, 0, 0, 16], "texture": "#1_0"},
				"down": {"uv": [16, 0, 0, 16], "texture": "#1_0"}
			}
		},
		{
			"name": "Cube",
			"from": [8.881784197001252e-16, -5, 27],
			"to": [4.000000000000001, -4, 29],
			"faces": {
				"north": {"uv": [16, 0, 0, 16], "texture": "#1_0"},
				"east": {"uv": [16, 0, 0, 16], "texture": "#1_0"},
				"south": {"uv": [16, 0, 0, 16], "texture": "#1_0"},
				"west": {"uv": [16, 0, 0, 16], "texture": "#1_0"},
				"up": {"uv": [16, 0, 0, 16], "texture": "#1_0"},
				"down": {"uv": [16, 0, 0, 16], "texture": "#1_0"}
			}
		},
		{
			"name": "Cube",
			"from": [8.881784197001252e-16, -4, 23],
			"to": [4.000000000000001, -3, 27],
			"faces": {
				"north": {"uv": [16, 0, 0, 16], "texture": "#1_0"},
				"east": {"uv": [16, 0, 0, 16], "texture": "#1_0"},
				"south": {"uv": [16, 0, 0, 16], "texture": "#1_0"},
				"west": {"uv": [16, 0, 0, 16], "texture": "#1_0"},
				"up": {"uv": [16, 0, 0, 16], "texture": "#1_0"},
				"down": {"uv": [16, 0, 0, 16], "texture": "#1_0"}
			}
		},
		{
			"name": "Cube",
			"from": [8.881784197001252e-16, -5, 21],
			"to": [4.000000000000001, -4, 23],
			"faces": {
				"north": {"uv": [16, 0, 0, 16], "texture": "#1_0"},
				"east": {"uv": [16, 0, 0, 16], "texture": "#1_0"},
				"south": {"uv": [16, 0, 0, 16], "texture": "#1_0"},
				"west": {"uv": [16, 0, 0, 16], "texture": "#1_0"},
				"up": {"uv": [16, 0, 0, 16], "texture": "#1_0"},
				"down": {"uv": [16, 0, 0, 16], "texture": "#1_0"}
			}
		},
		{
			"name": "Cube",
			"from": [8.881784197001252e-16, -6, 19],
			"to": [4.000000000000001, -5, 21],
			"faces": {
				"north": {"uv": [16, 0, 0, 16], "texture": "#1_0"},
				"east": {"uv": [16, 0, 0, 16], "texture": "#1_0"},
				"south": {"uv": [16, 0, 0, 16], "texture": "#1_0"},
				"west": {"uv": [16, 0, 0, 16], "texture": "#1_0"},
				"up": {"uv": [16, 0, 0, 16], "texture": "#1_0"},
				"down": {"uv": [16, 0, 0, 16], "texture": "#1_0"}
			}
		},
		{
			"name": "Cube",
			"from": [8.881784197001252e-16, -6, 29],
			"to": [4.000000000000001, -5, 30],
			"faces": {
				"north": {"uv": [16, 0, 0, 16], "texture": "#1_0"},
				"east": {"uv": [16, 0, 0, 16], "texture": "#1_0"},
				"south": {"uv": [16, 0, 0, 16], "texture": "#1_0"},
				"west": {"uv": [16, 0, 0, 16], "texture": "#1_0"},
				"up": {"uv": [16, 0, 0, 16], "texture": "#1_0"},
				"down": {"uv": [16, 0, 0, 16], "texture": "#1_0"}
			}
		},
		{
			"name": "Cube",
			"from": [12, -8, 10],
			"to": [16, -5, 11],
			"faces": {
				"north": {"uv": [0, 0, 16, 16], "texture": "#1_0"},
				"east": {"uv": [0, 0, 16, 16], "texture": "#1_0"},
				"south": {"uv": [0, 0, 16, 16], "texture": "#1_0"},
				"west": {"uv": [0, 0, 16, 16], "texture": "#1_0"},
				"up": {"uv": [0, 0, 16, 16], "texture": "#1_0"},
				"down": {"uv": [0, 0, 16, 16], "texture": "#1_0"}
			}
		},
		{
			"name": "Cube",
			"from": [12, -5, 11],
			"to": [16, -4, 13],
			"faces": {
				"north": {"uv": [0, 0, 16, 16], "texture": "#1_0"},
				"east": {"uv": [0, 0, 16, 16], "texture": "#1_0"},
				"south": {"uv": [0, 0, 16, 16], "texture": "#1_0"},
				"west": {"uv": [0, 0, 16, 16], "texture": "#1_0"},
				"up": {"uv": [0, 0, 16, 16], "texture": "#1_0"},
				"down": {"uv": [0, 0, 16, 16], "texture": "#1_0"}
			}
		},
		{
			"name": "Cube",
			"from": [12, -4, 13],
			"to": [16, -3, 17],
			"faces": {
				"north": {"uv": [0, 0, 16, 16], "texture": "#1_0"},
				"east": {"uv": [0, 0, 16, 16], "texture": "#1_0"},
				"south": {"uv": [0, 0, 16, 16], "texture": "#1_0"},
				"west": {"uv": [0, 0, 16, 16], "texture": "#1_0"},
				"up": {"uv": [0, 0, 16, 16], "texture": "#1_0"},
				"down": {"uv": [0, 0, 16, 16], "texture": "#1_0"}
			}
		},
		{
			"name": "Cube",
			"from": [12, -5, 17],
			"to": [16, -4, 19],
			"faces": {
				"north": {"uv": [0, 0, 16, 16], "texture": "#1_0"},
				"east": {"uv": [0, 0, 16, 16], "texture": "#1_0"},
				"south": {"uv": [0, 0, 16, 16], "texture": "#1_0"},
				"west": {"uv": [0, 0, 16, 16], "texture": "#1_0"},
				"up": {"uv": [0, 0, 16, 16], "texture": "#1_0"},
				"down": {"uv": [0, 0, 16, 16], "texture": "#1_0"}
			}
		},
		{
			"name": "Cube",
			"from": [12, -4, 23],
			"to": [16, -3, 27],
			"faces": {
				"north": {"uv": [0, 0, 16, 16], "texture": "#1_0"},
				"east": {"uv": [0, 0, 16, 16], "texture": "#1_0"},
				"south": {"uv": [0, 0, 16, 16], "texture": "#1_0"},
				"west": {"uv": [0, 0, 16, 16], "texture": "#1_0"},
				"up": {"uv": [0, 0, 16, 16], "texture": "#1_0"},
				"down": {"uv": [0, 0, 16, 16], "texture": "#1_0"}
			}
		},
		{
			"name": "Cube",
			"from": [12, -5, 27],
			"to": [16, -4, 29],
			"faces": {
				"north": {"uv": [0, 0, 16, 16], "texture": "#1_0"},
				"east": {"uv": [0, 0, 16, 16], "texture": "#1_0"},
				"south": {"uv": [0, 0, 16, 16], "texture": "#1_0"},
				"west": {"uv": [0, 0, 16, 16], "texture": "#1_0"},
				"up": {"uv": [0, 0, 16, 16], "texture": "#1_0"},
				"down": {"uv": [0, 0, 16, 16], "texture": "#1_0"}
			}
		},
		{
			"name": "Cube",
			"from": [12, -6, 29],
			"to": [16, -5, 30],
			"faces": {
				"north": {"uv": [0, 0, 16, 16], "texture": "#1_0"},
				"east": {"uv": [0, 0, 16, 16], "texture": "#1_0"},
				"south": {"uv": [0, 0, 16, 16], "texture": "#1_0"},
				"west": {"uv": [0, 0, 16, 16], "texture": "#1_0"},
				"up": {"uv": [0, 0, 16, 16], "texture": "#1_0"},
				"down": {"uv": [0, 0, 16, 16], "texture": "#1_0"}
			}
		},
		{
			"name": "Cube",
			"from": [12, -5, 21],
			"to": [16, -4, 23],
			"faces": {
				"north": {"uv": [0, 0, 16, 16], "texture": "#1_0"},
				"east": {"uv": [0, 0, 16, 16], "texture": "#1_0"},
				"south": {"uv": [0, 0, 16, 16], "texture": "#1_0"},
				"west": {"uv": [0, 0, 16, 16], "texture": "#1_0"},
				"up": {"uv": [0, 0, 16, 16], "texture": "#1_0"},
				"down": {"uv": [0, 0, 16, 16], "texture": "#1_0"}
			}
		},
		{
			"name": "Cube",
			"from": [12, -6, 19],
			"to": [16, -5, 21],
			"faces": {
				"north": {"uv": [0, 0, 16, 16], "texture": "#1_0"},
				"east": {"uv": [0, 0, 16, 16], "texture": "#1_0"},
				"south": {"uv": [0, 0, 16, 16], "texture": "#1_0"},
				"west": {"uv": [0, 0, 16, 16], "texture": "#1_0"},
				"up": {"uv": [0, 0, 16, 16], "texture": "#1_0"},
				"down": {"uv": [0, 0, 16, 16], "texture": "#1_0"}
			}
		},
		{
			"name": "Cube",
			"from": [8.881784197001252e-16, -8, 10],
			"to": [4.000000000000001, -5, 11],
			"faces": {
				"north": {"uv": [16, 0, 0, 16], "texture": "#1_0"},
				"east": {"uv": [16, 0, 0, 16], "texture": "#1_0"},
				"south": {"uv": [16, 0, 0, 16], "texture": "#1_0"},
				"west": {"uv": [16, 0, 0, 16], "texture": "#1_0"},
				"up": {"uv": [16, 0, 0, 16], "texture": "#1_0"},
				"down": {"uv": [16, 0, 0, 16], "texture": "#1_0"}
			}
		},
		{
			"name": "Cube",
			"from": [12, -8, 29.9],
			"to": [16, -5, 31],
			"faces": {
				"north": {"uv": [16, 0, 0, 16], "texture": "#1_0"},
				"east": {"uv": [16, 0, 0, 16], "texture": "#1_0"},
				"south": {"uv": [16, 0, 0, 16], "texture": "#1_0"},
				"west": {"uv": [16, 0, 0, 16], "texture": "#1_0"},
				"up": {"uv": [16, 0, 0, 16], "texture": "#1_0"},
				"down": {"uv": [16, 0, 0, 16], "texture": "#1_0"}
			}
		},
		{
			"name": "Cube",
			"from": [3, -3, 16],
			"to": [13, -1, 32],
			"faces": {
				"north": {"uv": [0, 0, 16, 16], "texture": "#0"},
				"east": {"uv": [0, 0, 16, 16], "texture": "#0"},
				"south": {"uv": [0, 0, 16, 16], "texture": "#0"},
				"west": {"uv": [0, 0, 16, 16], "texture": "#0"},
				"up": {"uv": [0, 0, 16, 16], "texture": "#0"},
				"down": {"uv": [0, 0, 16, 16], "texture": "#0"}
			}
		},
		{
			"name": "Cube",
			"from": [3, -3, 0],
			"to": [13, -1, 16],
			"faces": {
				"north": {"uv": [0, 0, 16, 16], "texture": "#0"},
				"east": {"uv": [0, 0, 16, 16], "texture": "#0"},
				"south": {"uv": [0, 0, 16, 16], "texture": "#0"},
				"west": {"uv": [0, 0, 16, 16], "texture": "#0"},
				"up": {"uv": [0, 0, 16, 16], "texture": "#0"},
				"down": {"uv": [0, 0, 16, 16], "texture": "#0"}
			}
		},
		{
			"name": "Cube",
			"from": [17, -1, 24],
			"to": [17.5, 2, 30],
			"faces": {
				"north": {
					"uv": [0, 0, 16, 16],
					"texture": "#1",
					"rotation": 180
				},
				"east": {"uv": [0, 0, 16, 16], "texture": "#1"},
				"south": {"uv": [0, 0, 16, 16], "texture": "#1"},
				"west": {
					"uv": [0, 0, 16, 16],
					"texture": "#1",
					"rotation": 270
				},
				"up": {"uv": [0, 0, 16, 16], "texture": "#1"},
				"down": {
					"uv": [0, 0, 16, 16],
					"texture": "#1",
					"rotation": 180
				}
			},
			"rotation": {
				"origin": [18, 1, 30.9],
				"axis": "z",
				"angle": -45,
				"rescale": true
			}
		},
		{
			"name": "Cube",
			"from": [17, -1, 22],
			"to": [18, 2, 23.999999999999996],
			"faces": {
				"north": {
					"uv": [0, 0, 16, 16],
					"texture": "#1",
					"rotation": 270
				},
				"east": {
					"uv": [0, 0, 16, 16],
					"texture": "#1",
					"rotation": 270
				},
				"south": {
					"uv": [0, 0, 16, 16],
					"texture": "#1",
					"rotation": 270
				},
				"west": {
					"uv": [0, 0, 16, 16],
					"texture": "#1",
					"rotation": 270
				},
				"up": {
					"uv": [0, 0, 16, 16],
					"texture": "#1",
					"rotation": 270
				},
				"down": {
					"uv": [0, 0, 16, 16],
					"texture": "#1",
					"rotation": 270
				}
			},
			"rotation": {
				"origin": [18, 1, 23.099999999999998],
				"axis": "z",
				"angle": -45,
				"rescale": true
			}
		},
		{
			"name": "Cube",
			"from": [17.5, 2, 22],
			"to": [19, 11.5, 24],
			"faces": {
				"north": {"uv": [0, 0, 16, 16], "texture": "#1"},
				"east": {"uv": [0, 0, 16, 16], "texture": "#1"},
				"south": {"uv": [0, 0, 16, 16], "texture": "#1"},
				"west": {"uv": [0, 0, 16, 16], "texture": "#1"},
				"up": {"uv": [0, 0, 16, 16], "texture": "#1"},
				"down": {"uv": [0, 0, 16, 16], "texture": "#1"}
			}
		},
		{
			"name": "Cube",
			"from": [17, -1, 16],
			"to": [17.5, 2, 22],
			"faces": {
				"north": {
					"uv": [0, 0, 16, 16],
					"texture": "#1",
					"rotation": 180
				},
				"east": {"uv": [0, 0, 16, 16], "texture": "#1"},
				"south": {"uv": [0, 0, 16, 16], "texture": "#1"},
				"west": {
					"uv": [0, 0, 16, 16],
					"texture": "#1",
					"rotation": 270
				},
				"up": {"uv": [0, 0, 16, 16], "texture": "#1"},
				"down": {
					"uv": [0, 0, 16, 16],
					"texture": "#1",
					"rotation": 180
				}
			},
			"rotation": {
				"origin": [18, 1, 21.9],
				"axis": "z",
				"angle": -45,
				"rescale": true
			}
		},
		{
			"name": "Cube",
			"from": [17.5, 11.5, 16],
			"to": [19, 13, 32],
			"faces": {
				"north": {"uv": [0, 0, 16, 16], "texture": "#1"},
				"east": {"uv": [0, 0, 16, 16], "texture": "#1"},
				"south": {"uv": [0, 0, 16, 16], "texture": "#1"},
				"west": {"uv": [0, 0, 16, 16], "texture": "#1"},
				"up": {"uv": [0, 0, 16, 16], "texture": "#1"},
				"down": {"uv": [0, 0, 16, 16], "texture": "#1"}
			}
		},
		{
			"name": "Cube",
			"from": [18, 2.5, 16],
			"to": [18.5, 11.5, 22],
			"faces": {
				"north": {"uv": [0, 0, 16, 16], "texture": "#1"},
				"east": {"uv": [0, 0, 16, 16], "texture": "#1"},
				"south": {"uv": [0, 0, 16, 16], "texture": "#1"},
				"west": {"uv": [0, 0, 16, 16], "texture": "#1"},
				"up": {"uv": [0, 0, 16, 16], "texture": "#1"},
				"down": {"uv": [0, 0, 16, 16], "texture": "#1"}
			}
		},
		{
			"name": "Cube",
			"from": [18, 2.5, 24],
			"to": [18.5, 11.5, 30],
			"faces": {
				"north": {"uv": [0, 0, 16, 16], "texture": "#1"},
				"east": {"uv": [0, 0, 16, 16], "texture": "#1"},
				"south": {"uv": [0, 0, 16, 16], "texture": "#1"},
				"west": {"uv": [0, 0, 16, 16], "texture": "#1"},
				"up": {"uv": [0, 0, 16, 16], "texture": "#1"},
				"down": {"uv": [0, 0, 16, 16], "texture": "#1"}
			}
		},
		{
			"name": "Cube",
			"from": [17.5, 11.5, 16],
			"to": [19, 13, 32],
			"faces": {
				"north": {"uv": [0, 0, 16, 16], "texture": "#1"},
				"east": {"uv": [0, 0, 16, 16], "texture": "#1"},
				"south": {"uv": [0, 0, 16, 16], "texture": "#1"},
				"west": {"uv": [0, 0, 16, 16], "texture": "#1"},
				"up": {"uv": [0, 0, 16, 16], "texture": "#1"},
				"down": {"uv": [0, 0, 16, 16], "texture": "#1"}
			}
		},
		{
			"name": "Cube",
			"from": [17.5, 2, 30],
			"to": [19, 11.5, 32],
			"faces": {
				"north": {"uv": [0, 0, 16, 16], "texture": "#1"},
				"east": {"uv": [0, 0, 16, 16], "texture": "#1"},
				"south": {"uv": [0, 0, 16, 16], "texture": "#1"},
				"west": {"uv": [0, 0, 16, 16], "texture": "#1"},
				"up": {"uv": [0, 0, 16, 16], "texture": "#1"},
				"down": {"uv": [0, 0, 16, 16], "texture": "#1"}
			}
		},
		{
			"name": "Cube",
			"from": [18, 2.5, 24],
			"to": [18.5, 11.5, 30],
			"faces": {
				"north": {"uv": [0, 0, 16, 16], "texture": "#1"},
				"east": {"uv": [0, 0, 16, 16], "texture": "#1"},
				"south": {"uv": [0, 0, 16, 16], "texture": "#1"},
				"west": {"uv": [0, 0, 16, 16], "texture": "#1"},
				"up": {"uv": [0, 0, 16, 16], "texture": "#1"},
				"down": {"uv": [0, 0, 16, 16], "texture": "#1"}
			}
		},
		{
			"name": "Cube",
			"from": [17.5, 2, 22],
			"to": [19, 11.5, 24],
			"faces": {
				"north": {"uv": [0, 0, 16, 16], "texture": "#1"},
				"east": {"uv": [0, 0, 16, 16], "texture": "#1"},
				"south": {"uv": [0, 0, 16, 16], "texture": "#1"},
				"west": {"uv": [0, 0, 16, 16], "texture": "#1"},
				"up": {"uv": [0, 0, 16, 16], "texture": "#1"},
				"down": {"uv": [0, 0, 16, 16], "texture": "#1"}
			}
		},
		{
			"name": "Cube",
			"from": [18, 2.5, 16],
			"to": [18.5, 11.5, 22],
			"faces": {
				"north": {"uv": [0, 0, 16, 16], "texture": "#1"},
				"east": {"uv": [0, 0, 16, 16], "texture": "#1"},
				"south": {"uv": [0, 0, 16, 16], "texture": "#1"},
				"west": {"uv": [0, 0, 16, 16], "texture": "#1"},
				"up": {"uv": [0, 0, 16, 16], "texture": "#1"},
				"down": {"uv": [0, 0, 16, 16], "texture": "#1"}
			}
		},
		{
			"name": "Cube",
			"from": [17, -1, 16],
			"to": [17.5, 2, 22],
			"faces": {
				"north": {
					"uv": [0, 0, 16, 16],
					"texture": "#1",
					"rotation": 180
				},
				"east": {"uv": [0, 0, 16, 16], "texture": "#1"},
				"south": {"uv": [0, 0, 16, 16], "texture": "#1"},
				"west": {
					"uv": [0, 0, 16, 16],
					"texture": "#1",
					"rotation": 270
				},
				"up": {"uv": [0, 0, 16, 16], "texture": "#1"},
				"down": {
					"uv": [0, 0, 16, 16],
					"texture": "#1",
					"rotation": 180
				}
			},
			"rotation": {
				"origin": [18, 1, 21.9],
				"axis": "z",
				"angle": -45,
				"rescale": true
			}
		},
		{
			"name": "Cube",
			"from": [17, -1, 22],
			"to": [18, 2, 23.999999999999996],
			"faces": {
				"north": {
					"uv": [0, 0, 16, 16],
					"texture": "#1",
					"rotation": 270
				},
				"east": {
					"uv": [0, 0, 16, 16],
					"texture": "#1",
					"rotation": 270
				},
				"south": {
					"uv": [0, 0, 16, 16],
					"texture": "#1",
					"rotation": 270
				},
				"west": {
					"uv": [0, 0, 16, 16],
					"texture": "#1",
					"rotation": 270
				},
				"up": {
					"uv": [0, 0, 16, 16],
					"texture": "#1",
					"rotation": 270
				},
				"down": {
					"uv": [0, 0, 16, 16],
					"texture": "#1",
					"rotation": 270
				}
			},
			"rotation": {
				"origin": [18, 1, 23.099999999999998],
				"axis": "z",
				"angle": -45,
				"rescale": true
			}
		},
		{
			"name": "Cube",
			"from": [17.6, 2.5, 16],
			"to": [18.9, 4, 30],
			"faces": {
				"north": {"uv": [0, 0, 16, 16], "texture": "#1"},
				"east": {"uv": [0, 0, 16, 16], "texture": "#1"},
				"south": {"uv": [0, 0, 16, 16], "texture": "#1"},
				"west": {"uv": [0, 0, 16, 16], "texture": "#1"},
				"up": {"uv": [0, 0, 16, 16], "texture": "#1"},
				"down": {"uv": [0, 0, 16, 16], "texture": "#1"}
			}
		},
		{
			"name": "Cube",
			"from": [-3, 11.5, 16],
			"to": [-1.5, 13, 32],
			"faces": {
				"north": {"uv": [16, 0, 0, 16], "texture": "#1"},
				"east": {"uv": [16, 0, 0, 16], "texture": "#1"},
				"south": {"uv": [16, 0, 0, 16], "texture": "#1"},
				"west": {"uv": [16, 0, 0, 16], "texture": "#1"},
				"up": {"uv": [16, 0, 0, 16], "texture": "#1"},
				"down": {"uv": [16, 0, 0, 16], "texture": "#1"}
			}
		},
		{
			"name": "Cube",
			"from": [-3, 2, 30],
			"to": [-1.5, 11.5, 32],
			"faces": {
				"north": {"uv": [16, 0, 0, 16], "texture": "#1"},
				"east": {"uv": [16, 0, 0, 16], "texture": "#1"},
				"south": {"uv": [16, 0, 0, 16], "texture": "#1"},
				"west": {"uv": [16, 0, 0, 16], "texture": "#1"},
				"up": {"uv": [16, 0, 0, 16], "texture": "#1"},
				"down": {"uv": [16, 0, 0, 16], "texture": "#1"}
			}
		},
		{
			"name": "Cube",
			"from": [-2.5, 2.5, 24],
			"to": [-2, 11.5, 30],
			"faces": {
				"north": {"uv": [16, 0, 0, 16], "texture": "#1"},
				"east": {"uv": [16, 0, 0, 16], "texture": "#1"},
				"south": {"uv": [16, 0, 0, 16], "texture": "#1"},
				"west": {"uv": [16, 0, 0, 16], "texture": "#1"},
				"up": {"uv": [16, 0, 0, 16], "texture": "#1"},
				"down": {"uv": [16, 0, 0, 16], "texture": "#1"}
			}
		},
		{
			"name": "Cube",
			"from": [-3, 2, 22],
			"to": [-1.5, 11.5, 24],
			"faces": {
				"north": {"uv": [16, 0, 0, 16], "texture": "#1"},
				"east": {"uv": [16, 0, 0, 16], "texture": "#1"},
				"south": {"uv": [16, 0, 0, 16], "texture": "#1"},
				"west": {"uv": [16, 0, 0, 16], "texture": "#1"},
				"up": {"uv": [16, 0, 0, 16], "texture": "#1"},
				"down": {"uv": [16, 0, 0, 16], "texture": "#1"}
			}
		},
		{
			"name": "Cube",
			"from": [-2.5, 2.5, 16],
			"to": [-2, 11.5, 22],
			"faces": {
				"north": {"uv": [16, 0, 0, 16], "texture": "#1"},
				"east": {"uv": [16, 0, 0, 16], "texture": "#1"},
				"south": {"uv": [16, 0, 0, 16], "texture": "#1"},
				"west": {"uv": [16, 0, 0, 16], "texture": "#1"},
				"up": {"uv": [16, 0, 0, 16], "texture": "#1"},
				"down": {"uv": [16, 0, 0, 16], "texture": "#1"}
			}
		},
		{
			"name": "Cube",
			"from": [-2.8999999999999986, 2.5, 16],
			"to": [-1.6000000000000014, 4, 30],
			"faces": {
				"north": {"uv": [16, 0, 0, 16], "texture": "#1"},
				"east": {"uv": [16, 0, 0, 16], "texture": "#1"},
				"south": {"uv": [16, 0, 0, 16], "texture": "#1"},
				"west": {"uv": [16, 0, 0, 16], "texture": "#1"},
				"up": {"uv": [16, 0, 0, 16], "texture": "#1"},
				"down": {"uv": [16, 0, 0, 16], "texture": "#1"}
			}
		},
		{
			"name": "Cube",
			"from": [-1.5, -1, 24],
			"to": [-1, 2, 30],
			"faces": {
				"north": {
					"uv": [16, 0, 0, 16],
					"texture": "#1",
					"rotation": 180
				},
				"east": {
					"uv": [16, 0, 0, 16],
					"texture": "#1",
					"rotation": 270
				},
				"south": {"uv": [16, 0, 0, 16], "texture": "#1"},
				"west": {"uv": [16, 0, 0, 16], "texture": "#1"},
				"up": {"uv": [16, 0, 0, 16], "texture": "#1"},
				"down": {
					"uv": [16, 0, 0, 16],
					"texture": "#1",
					"rotation": 180
				}
			},
			"rotation": {
				"origin": [-2, 1, 30.9],
				"axis": "z",
				"angle": 45,
				"rescale": true
			}
		},
		{
			"name": "Cube",
			"from": [-2, -1, 22],
			"to": [-1, 2, 23.999999999999996],
			"faces": {
				"north": {
					"uv": [16, 0, 0, 16],
					"texture": "#1",
					"rotation": 270
				},
				"east": {
					"uv": [16, 0, 0, 16],
					"texture": "#1",
					"rotation": 270
				},
				"south": {
					"uv": [16, 0, 0, 16],
					"texture": "#1",
					"rotation": 270
				},
				"west": {
					"uv": [16, 0, 0, 16],
					"texture": "#1",
					"rotation": 270
				},
				"up": {
					"uv": [16, 0, 0, 16],
					"texture": "#1",
					"rotation": 270
				},
				"down": {
					"uv": [16, 0, 0, 16],
					"texture": "#1",
					"rotation": 270
				}
			},
			"rotation": {
				"origin": [-2, 1, 23.099999999999998],
				"axis": "z",
				"angle": 45,
				"rescale": true
			}
		},
		{
			"name": "Cube",
			"from": [-1.5, -1, 16],
			"to": [-1, 2, 22],
			"faces": {
				"north": {
					"uv": [16, 0, 0, 16],
					"texture": "#1",
					"rotation": 180
				},
				"east": {
					"uv": [16, 0, 0, 16],
					"texture": "#1",
					"rotation": 270
				},
				"south": {"uv": [16, 0, 0, 16], "texture": "#1"},
				"west": {"uv": [16, 0, 0, 16], "texture": "#1"},
				"up": {"uv": [16, 0, 0, 16], "texture": "#1"},
				"down": {
					"uv": [16, 0, 0, 16],
					"texture": "#1",
					"rotation": 180
				}
			},
			"rotation": {
				"origin": [-2, 1, 21.9],
				"axis": "z",
				"angle": 45,
				"rescale": true
			}
		},
		{
			"name": "Cube",
			"from": [-3, 11.5, 0],
			"to": [-1.5, 13, 16],
			"faces": {
				"north": {"uv": [16, 0, 0, 16], "texture": "#1"},
				"east": {"uv": [16, 0, 0, 16], "texture": "#1"},
				"south": {"uv": [16, 0, 0, 16], "texture": "#1"},
				"west": {"uv": [16, 0, 0, 16], "texture": "#1"},
				"up": {"uv": [16, 0, 0, 16], "texture": "#1"},
				"down": {"uv": [16, 0, 0, 16], "texture": "#1"}
			}
		},
		{
			"name": "Cube",
			"from": [-3, 2, 14],
			"to": [-1.5, 11.5, 16],
			"faces": {
				"north": {"uv": [16, 0, 0, 16], "texture": "#1"},
				"east": {"uv": [16, 0, 0, 16], "texture": "#1"},
				"south": {"uv": [16, 0, 0, 16], "texture": "#1"},
				"west": {"uv": [16, 0, 0, 16], "texture": "#1"},
				"up": {"uv": [16, 0, 0, 16], "texture": "#1"},
				"down": {"uv": [16, 0, 0, 16], "texture": "#1"}
			}
		},
		{
			"name": "Cube",
			"from": [-2.5, 2.5, 8],
			"to": [-2, 11.5, 14],
			"faces": {
				"north": {"uv": [16, 0, 0, 16], "texture": "#1"},
				"east": {"uv": [16, 0, 0, 16], "texture": "#1"},
				"south": {"uv": [16, 0, 0, 16], "texture": "#1"},
				"west": {"uv": [16, 0, 0, 16], "texture": "#1"},
				"up": {"uv": [16, 0, 0, 16], "texture": "#1"},
				"down": {"uv": [16, 0, 0, 16], "texture": "#1"}
			}
		},
		{
			"name": "Cube",
			"from": [-3, 2, 6],
			"to": [-1.5, 11.5, 8],
			"faces": {
				"north": {"uv": [16, 0, 0, 16], "texture": "#1"},
				"east": {"uv": [16, 0, 0, 16], "texture": "#1"},
				"south": {"uv": [16, 0, 0, 16], "texture": "#1"},
				"west": {"uv": [16, 0, 0, 16], "texture": "#1"},
				"up": {"uv": [16, 0, 0, 16], "texture": "#1"},
				"down": {"uv": [16, 0, 0, 16], "texture": "#1"}
			}
		},
		{
			"name": "Cube",
			"from": [-2.5, 2.5, 0],
			"to": [-2, 11.5, 6],
			"faces": {
				"north": {"uv": [16, 0, 0, 16], "texture": "#1"},
				"east": {"uv": [16, 0, 0, 16], "texture": "#1"},
				"south": {"uv": [16, 0, 0, 16], "texture": "#1"},
				"west": {"uv": [16, 0, 0, 16], "texture": "#1"},
				"up": {"uv": [16, 0, 0, 16], "texture": "#1"},
				"down": {"uv": [16, 0, 0, 16], "texture": "#1"}
			}
		},
		{
			"name": "Cube",
			"from": [-2.8999999999999986, 2.5, 0],
			"to": [-1.6000000000000014, 4, 14],
			"faces": {
				"north": {"uv": [16, 0, 0, 16], "texture": "#1"},
				"east": {"uv": [16, 0, 0, 16], "texture": "#1"},
				"south": {"uv": [16, 0, 0, 16], "texture": "#1"},
				"west": {"uv": [16, 0, 0, 16], "texture": "#1"},
				"up": {"uv": [16, 0, 0, 16], "texture": "#1"},
				"down": {"uv": [16, 0, 0, 16], "texture": "#1"}
			}
		},
		{
			"name": "Cube",
			"from": [-2, -1, 14],
			"to": [-1, 2, 15.999999999999996],
			"faces": {
				"north": {
					"uv": [16, 0, 0, 16],
					"texture": "#1",
					"rotation": 180
				},
				"east": {
					"uv": [16, 0, 0, 16],
					"texture": "#1",
					"rotation": 270
				},
				"south": {"uv": [16, 0, 0, 16], "texture": "#1"},
				"west": {"uv": [16, 0, 0, 16], "texture": "#1"},
				"up": {"uv": [16, 0, 0, 16], "texture": "#1"},
				"down": {
					"uv": [16, 0, 0, 16],
					"texture": "#1",
					"rotation": 180
				}
			},
			"rotation": {
				"origin": [-2, 1, 15.099999999999998],
				"axis": "z",
				"angle": 45,
				"rescale": true
			}
		},
		{
			"name": "Cube",
			"from": [-1.5, -1, 8],
			"to": [-1, 2, 14],
			"faces": {
				"north": {
					"uv": [16, 0, 0, 16],
					"texture": "#1",
					"rotation": 180
				},
				"east": {
					"uv": [16, 0, 0, 16],
					"texture": "#1",
					"rotation": 270
				},
				"south": {"uv": [16, 0, 0, 16], "texture": "#1"},
				"west": {"uv": [16, 0, 0, 16], "texture": "#1"},
				"up": {"uv": [16, 0, 0, 16], "texture": "#1"},
				"down": {
					"uv": [16, 0, 0, 16],
					"texture": "#1",
					"rotation": 180
				}
			},
			"rotation": {
				"origin": [-2, 1, 14.899999999999999],
				"axis": "z",
				"angle": 45,
				"rescale": true
			}
		},
		{
			"name": "Cube",
			"from": [-2, -1, 6],
			"to": [-1, 2, 7.9999999999999964],
			"faces": {
				"north": {
					"uv": [16, 0, 0, 16],
					"texture": "#1",
					"rotation": 270
				},
				"east": {
					"uv": [16, 0, 0, 16],
					"texture": "#1",
					"rotation": 270
				},
				"south": {
					"uv": [16, 0, 0, 16],
					"texture": "#1",
					"rotation": 270
				},
				"west": {
					"uv": [16, 0, 0, 16],
					"texture": "#1",
					"rotation": 270
				},
				"up": {
					"uv": [16, 0, 0, 16],
					"texture": "#1",
					"rotation": 270
				},
				"down": {
					"uv": [16, 0, 0, 16],
					"texture": "#1",
					"rotation": 270
				}
			},
			"rotation": {
				"origin": [-2, 1, 7.099999999999998],
				"axis": "z",
				"angle": 45,
				"rescale": true
			}
		},
		{
			"name": "Cube",
			"from": [-1.5, -1, 0],
			"to": [-1, 2, 6],
			"faces": {
				"north": {
					"uv": [16, 0, 0, 16],
					"texture": "#1",
					"rotation": 180
				},
				"east": {
					"uv": [16, 0, 0, 16],
					"texture": "#1",
					"rotation": 270
				},
				"south": {"uv": [16, 0, 0, 16], "texture": "#1"},
				"west": {"uv": [16, 0, 0, 16], "texture": "#1"},
				"up": {"uv": [16, 0, 0, 16], "texture": "#1"},
				"down": {
					"uv": [16, 0, 0, 16],
					"texture": "#1",
					"rotation": 180
				}
			},
			"rotation": {
				"origin": [-2, 1, 5.899999999999999],
				"axis": "z",
				"angle": 45,
				"rescale": true
			}
		},
		{
			"name": "Cube",
			"from": [0, -0.9999999999999998, 0],
			"to": [16, 1.0000000000000002, 16],
			"faces": {
				"north": {"uv": [0, 0, 16, 16], "texture": "#1"},
				"east": {"uv": [0, 0, 16, 16], "texture": "#1"},
				"south": {"uv": [0, 0, 16, 16], "texture": "#1"},
				"west": {"uv": [0, 0, 16, 16], "texture": "#1"},
				"up": {"uv": [0, 0, 16, 16], "texture": "#1"},
				"down": {"uv": [0, 0, 16, 16], "texture": "#1"}
			}
		},
		{
			"name": "Cube",
			"from": [17.5, 11.5, 0],
			"to": [19, 13, 16],
			"faces": {
				"north": {"uv": [0, 0, 16, 16], "texture": "#1"},
				"east": {"uv": [0, 0, 16, 16], "texture": "#1"},
				"south": {"uv": [0, 0, 16, 16], "texture": "#1"},
				"west": {"uv": [0, 0, 16, 16], "texture": "#1"},
				"up": {"uv": [0, 0, 16, 16], "texture": "#1"},
				"down": {"uv": [0, 0, 16, 16], "texture": "#1"}
			}
		},
		{
			"name": "Cube",
			"from": [18, 2.5, 8],
			"to": [18.5, 11.5, 14],
			"faces": {
				"north": {"uv": [0, 0, 16, 16], "texture": "#1"},
				"east": {"uv": [0, 0, 16, 16], "texture": "#1"},
				"south": {"uv": [0, 0, 16, 16], "texture": "#1"},
				"west": {"uv": [0, 0, 16, 16], "texture": "#1"},
				"up": {"uv": [0, 0, 16, 16], "texture": "#1"},
				"down": {"uv": [0, 0, 16, 16], "texture": "#1"}
			}
		},
		{
			"name": "Cube",
			"from": [17.5, 2, 6],
			"to": [19, 11.5, 8],
			"faces": {
				"north": {"uv": [0, 0, 16, 16], "texture": "#1"},
				"east": {"uv": [0, 0, 16, 16], "texture": "#1"},
				"south": {"uv": [0, 0, 16, 16], "texture": "#1"},
				"west": {"uv": [0, 0, 16, 16], "texture": "#1"},
				"up": {"uv": [0, 0, 16, 16], "texture": "#1"},
				"down": {"uv": [0, 0, 16, 16], "texture": "#1"}
			}
		},
		{
			"name": "Cube",
			"from": [18, 2.5, 0],
			"to": [18.5, 11.5, 6],
			"faces": {
				"north": {"uv": [0, 0, 16, 16], "texture": "#1"},
				"east": {"uv": [0, 0, 16, 16], "texture": "#1"},
				"south": {"uv": [0, 0, 16, 16], "texture": "#1"},
				"west": {"uv": [0, 0, 16, 16], "texture": "#1"},
				"up": {"uv": [0, 0, 16, 16], "texture": "#1"},
				"down": {"uv": [0, 0, 16, 16], "texture": "#1"}
			}
		},
		{
			"name": "Cube",
			"from": [17.5, 2, 14],
			"to": [19, 11.5, 16],
			"faces": {
				"north": {"uv": [0, 0, 16, 16], "texture": "#1"},
				"east": {"uv": [0, 0, 16, 16], "texture": "#1"},
				"south": {"uv": [0, 0, 16, 16], "texture": "#1"},
				"west": {"uv": [0, 0, 16, 16], "texture": "#1"},
				"up": {"uv": [0, 0, 16, 16], "texture": "#1"},
				"down": {"uv": [0, 0, 16, 16], "texture": "#1"}
			}
		},
		{
			"name": "Cube",
			"from": [17.6, 2.5, 0],
			"to": [18.9, 4, 14],
			"faces": {
				"north": {"uv": [0, 0, 16, 16], "texture": "#1"},
				"east": {"uv": [0, 0, 16, 16], "texture": "#1"},
				"south": {"uv": [0, 0, 16, 16], "texture": "#1"},
				"west": {"uv": [0, 0, 16, 16], "texture": "#1"},
				"up": {"uv": [0, 0, 16, 16], "texture": "#1"},
				"down": {"uv": [0, 0, 16, 16], "texture": "#1"}
			}
		},
		{
			"name": "Cube",
			"from": [17, -1, 0],
			"to": [17.5, 2, 6],
			"faces": {
				"north": {
					"uv": [0, 0, 16, 16],
					"texture": "#1",
					"rotation": 180
				},
				"east": {"uv": [0, 0, 16, 16], "texture": "#1"},
				"south": {"uv": [0, 0, 16, 16], "texture": "#1"},
				"west": {
					"uv": [0, 0, 16, 16],
					"texture": "#1",
					"rotation": 270
				},
				"up": {"uv": [0, 0, 16, 16], "texture": "#1"},
				"down": {
					"uv": [0, 0, 16, 16],
					"texture": "#1",
					"rotation": 180
				}
			},
			"rotation": {
				"origin": [18, 1, 5.899999999999999],
				"axis": "z",
				"angle": -45,
				"rescale": true
			}
		},
		{
			"name": "Cube",
			"from": [17, -1, 14],
			"to": [18, 2, 15.999999999999996],
			"faces": {
				"north": {
					"uv": [0, 0, 16, 16],
					"texture": "#1",
					"rotation": 180
				},
				"east": {"uv": [0, 0, 16, 16], "texture": "#1"},
				"south": {"uv": [0, 0, 16, 16], "texture": "#1"},
				"west": {
					"uv": [0, 0, 16, 16],
					"texture": "#1",
					"rotation": 270
				},
				"up": {"uv": [0, 0, 16, 16], "texture": "#1"},
				"down": {
					"uv": [0, 0, 16, 16],
					"texture": "#1",
					"rotation": 180
				}
			},
			"rotation": {
				"origin": [18, 1, 15.099999999999998],
				"axis": "z",
				"angle": -45,
				"rescale": true
			}
		},
		{
			"name": "Cube",
			"from": [17, -1, 6],
			"to": [18, 2, 7.9999999999999964],
			"faces": {
				"north": {
					"uv": [0, 0, 16, 16],
					"texture": "#1",
					"rotation": 270
				},
				"east": {
					"uv": [0, 0, 16, 16],
					"texture": "#1",
					"rotation": 270
				},
				"south": {
					"uv": [0, 0, 16, 16],
					"texture": "#1",
					"rotation": 270
				},
				"west": {
					"uv": [0, 0, 16, 16],
					"texture": "#1",
					"rotation": 270
				},
				"up": {
					"uv": [0, 0, 16, 16],
					"texture": "#1",
					"rotation": 270
				},
				"down": {
					"uv": [0, 0, 16, 16],
					"texture": "#1",
					"rotation": 270
				}
			},
			"rotation": {
				"origin": [18, 1, 7.099999999999998],
				"axis": "z",
				"angle": -45,
				"rescale": true
			}
		},
		{
			"name": "Cube",
			"from": [17, -1, 8],
			"to": [17.5, 2, 14],
			"faces": {
				"north": {
					"uv": [0, 0, 16, 16],
					"texture": "#1",
					"rotation": 180
				},
				"east": {"uv": [0, 0, 16, 16], "texture": "#1"},
				"south": {"uv": [0, 0, 16, 16], "texture": "#1"},
				"west": {
					"uv": [0, 0, 16, 16],
					"texture": "#1",
					"rotation": 270
				},
				"up": {"uv": [0, 0, 16, 16], "texture": "#1"},
				"down": {
					"uv": [0, 0, 16, 16],
					"texture": "#1",
					"rotation": 180
				}
			},
			"rotation": {
				"origin": [18, 1, 14.899999999999999],
				"axis": "z",
				"angle": -45,
				"rescale": true
			}
		},
		{
			"name": "Cube",
			"from": [-3, 11.5, -13],
			"to": [-1.5, 13, 0],
			"faces": {
				"north": {"uv": [16, 0, 0, 16], "texture": "#1"},
				"east": {"uv": [16, 0, 0, 16], "texture": "#1"},
				"south": {"uv": [16, 0, 0, 16], "texture": "#1"},
				"west": {"uv": [16, 0, 0, 16], "texture": "#1"},
				"up": {"uv": [16, 0, 0, 16], "texture": "#1"},
				"down": {"uv": [16, 0, 0, 16], "texture": "#1"}
			}
		},
		{
			"name": "Cube",
			"from": [-3, 2, -2],
			"to": [-1.5, 11.5, 0],
			"faces": {
				"north": {"uv": [16, 0, 0, 16], "texture": "#1"},
				"east": {"uv": [16, 0, 0, 16], "texture": "#1"},
				"south": {"uv": [16, 0, 0, 16], "texture": "#1"},
				"west": {"uv": [16, 0, 0, 16], "texture": "#1"},
				"up": {"uv": [16, 0, 0, 16], "texture": "#1"},
				"down": {"uv": [16, 0, 0, 16], "texture": "#1"}
			}
		},
		{
			"name": "Cube",
			"from": [-2.5, 2.5, -8],
			"to": [-2, 11.5, -2],
			"faces": {
				"north": {"uv": [16, 0, 0, 16], "texture": "#1"},
				"east": {"uv": [16, 0, 0, 16], "texture": "#1"},
				"south": {"uv": [16, 0, 0, 16], "texture": "#1"},
				"west": {"uv": [16, 0, 0, 16], "texture": "#1"},
				"up": {"uv": [16, 0, 0, 16], "texture": "#1"},
				"down": {"uv": [16, 0, 0, 16], "texture": "#1"}
			}
		},
		{
			"name": "Cube",
			"from": [-3, 2, -10],
			"to": [-1.5, 11.5, -8],
			"faces": {
				"north": {"uv": [16, 0, 0, 16], "texture": "#1"},
				"east": {"uv": [16, 0, 0, 16], "texture": "#1"},
				"south": {"uv": [16, 0, 0, 16], "texture": "#1"},
				"west": {"uv": [16, 0, 0, 16], "texture": "#1"},
				"up": {"uv": [16, 0, 0, 16], "texture": "#1"},
				"down": {"uv": [16, 0, 0, 16], "texture": "#1"}
			}
		},
		{
			"name": "Cube",
			"from": [-2.5, 2.5, -13],
			"to": [-2, 11.5, -10],
			"faces": {
				"north": {"uv": [16, 0, 0, 16], "texture": "#1"},
				"east": {"uv": [16, 0, 0, 16], "texture": "#1"},
				"south": {"uv": [16, 0, 0, 16], "texture": "#1"},
				"west": {"uv": [16, 0, 0, 16], "texture": "#1"},
				"up": {"uv": [16, 0, 0, 16], "texture": "#1"},
				"down": {"uv": [16, 0, 0, 16], "texture": "#1"}
			}
		},
		{
			"name": "Cube",
			"from": [-2.8999999999999986, 2.5, -13],
			"to": [-1.6000000000000014, 4, -2],
			"faces": {
				"north": {"uv": [16, 0, 0, 16], "texture": "#1"},
				"east": {"uv": [16, 0, 0, 16], "texture": "#1"},
				"south": {"uv": [16, 0, 0, 16], "texture": "#1"},
				"west": {"uv": [16, 0, 0, 16], "texture": "#1"},
				"up": {"uv": [16, 0, 0, 16], "texture": "#1"},
				"down": {"uv": [16, 0, 0, 16], "texture": "#1"}
			}
		},
		{
			"name": "Cube",
			"from": [-2, -1, -2],
			"to": [-1, 2, -3.552713678800501e-15],
			"faces": {
				"north": {
					"uv": [16, 0, 0, 16],
					"texture": "#1",
					"rotation": 180
				},
				"east": {
					"uv": [16, 0, 0, 16],
					"texture": "#1",
					"rotation": 270
				},
				"south": {"uv": [16, 0, 0, 16], "texture": "#1"},
				"west": {"uv": [16, 0, 0, 16], "texture": "#1"},
				"up": {"uv": [16, 0, 0, 16], "texture": "#1"},
				"down": {
					"uv": [16, 0, 0, 16],
					"texture": "#1",
					"rotation": 180
				}
			},
			"rotation": {
				"origin": [-2, 1, -0.9000000000000021],
				"axis": "z",
				"angle": 45,
				"rescale": true
			}
		},
		{
			"name": "Cube",
			"from": [-1.5, -1, -8],
			"to": [-1, 2, -2],
			"faces": {
				"north": {
					"uv": [16, 0, 0, 16],
					"texture": "#1",
					"rotation": 180
				},
				"east": {
					"uv": [16, 0, 0, 16],
					"texture": "#1",
					"rotation": 270
				},
				"south": {"uv": [16, 0, 0, 16], "texture": "#1"},
				"west": {"uv": [16, 0, 0, 16], "texture": "#1"},
				"up": {"uv": [16, 0, 0, 16], "texture": "#1"},
				"down": {
					"uv": [16, 0, 0, 16],
					"texture": "#1",
					"rotation": 180
				}
			},
			"rotation": {
				"origin": [-2, 1, -1.1000000000000014],
				"axis": "z",
				"angle": 45,
				"rescale": true
			}
		},
		{
			"name": "Cube",
			"from": [-2, -1, -10],
			"to": [-1, 2, -8.000000000000004],
			"faces": {
				"north": {
					"uv": [16, 0, 0, 16],
					"texture": "#1",
					"rotation": 270
				},
				"east": {
					"uv": [16, 0, 0, 16],
					"texture": "#1",
					"rotation": 270
				},
				"south": {
					"uv": [16, 0, 0, 16],
					"texture": "#1",
					"rotation": 270
				},
				"west": {
					"uv": [16, 0, 0, 16],
					"texture": "#1",
					"rotation": 270
				},
				"up": {
					"uv": [16, 0, 0, 16],
					"texture": "#1",
					"rotation": 270
				},
				"down": {
					"uv": [16, 0, 0, 16],
					"texture": "#1",
					"rotation": 270
				}
			},
			"rotation": {
				"origin": [-2, 1, -8.900000000000002],
				"axis": "z",
				"angle": 45,
				"rescale": true
			}
		},
		{
			"name": "Cube",
			"from": [-1.5, -1, -14],
			"to": [-1, 2, -10],
			"faces": {
				"north": {
					"uv": [16, 0, 0, 16],
					"texture": "#1",
					"rotation": 180
				},
				"east": {
					"uv": [16, 0, 0, 16],
					"texture": "#1",
					"rotation": 270
				},
				"south": {"uv": [16, 0, 0, 16], "texture": "#1"},
				"west": {"uv": [16, 0, 0, 16], "texture": "#1"},
				"up": {"uv": [16, 0, 0, 16], "texture": "#1"},
				"down": {
					"uv": [16, 0, 0, 16],
					"texture": "#1",
					"rotation": 180
				}
			},
			"rotation": {
				"origin": [-2, 1, -10.100000000000001],
				"axis": "z",
				"angle": 45,
				"rescale": true
			}
		},
		{
			"name": "Cube",
			"from": [0, -0.9999999999999998, -14.9],
			"to": [16, 1.0000000000000002, 0],
			"faces": {
				"north": {"uv": [0, 0, 16, 16], "texture": "#1"},
				"east": {"uv": [0, 0, 16, 16], "texture": "#1"},
				"south": {"uv": [0, 0, 16, 16], "texture": "#1"},
				"west": {"uv": [0, 0, 16, 16], "texture": "#1"},
				"up": {"uv": [0, 0, 16, 16], "texture": "#1"},
				"down": {"uv": [0, 0, 16, 16], "texture": "#1"}
			}
		},
		{
			"name": "Cube",
			"from": [17.5, 11.5, -13],
			"to": [19, 13, 0],
			"faces": {
				"north": {"uv": [0, 0, 16, 16], "texture": "#1"},
				"east": {"uv": [0, 0, 16, 16], "texture": "#1"},
				"south": {"uv": [0, 0, 16, 16], "texture": "#1"},
				"west": {"uv": [0, 0, 16, 16], "texture": "#1"},
				"up": {"uv": [0, 0, 16, 16], "texture": "#1"},
				"down": {"uv": [0, 0, 16, 16], "texture": "#1"}
			}
		},
		{
			"name": "Cube",
			"from": [18, 2.5, -8],
			"to": [18.5, 11.5, -2],
			"faces": {
				"north": {"uv": [0, 0, 16, 16], "texture": "#1"},
				"east": {"uv": [0, 0, 16, 16], "texture": "#1"},
				"south": {"uv": [0, 0, 16, 16], "texture": "#1"},
				"west": {"uv": [0, 0, 16, 16], "texture": "#1"},
				"up": {"uv": [0, 0, 16, 16], "texture": "#1"},
				"down": {"uv": [0, 0, 16, 16], "texture": "#1"}
			}
		},
		{
			"name": "Cube",
			"from": [17.5, 2, -10],
			"to": [19, 11.5, -8],
			"faces": {
				"north": {"uv": [0, 0, 16, 16], "texture": "#1"},
				"east": {"uv": [0, 0, 16, 16], "texture": "#1"},
				"south": {"uv": [0, 0, 16, 16], "texture": "#1"},
				"west": {"uv": [0, 0, 16, 16], "texture": "#1"},
				"up": {"uv": [0, 0, 16, 16], "texture": "#1"},
				"down": {"uv": [0, 0, 16, 16], "texture": "#1"}
			}
		},
		{
			"name": "Cube",
			"from": [18, 2.5, -13],
			"to": [18.5, 11.5, -10],
			"faces": {
				"north": {"uv": [0, 0, 16, 16], "texture": "#1"},
				"east": {"uv": [0, 0, 16, 16], "texture": "#1"},
				"south": {"uv": [0, 0, 16, 16], "texture": "#1"},
				"west": {"uv": [0, 0, 16, 16], "texture": "#1"},
				"up": {"uv": [0, 0, 16, 16], "texture": "#1"},
				"down": {"uv": [0, 0, 16, 16], "texture": "#1"}
			}
		},
		{
			"name": "Cube",
			"from": [17.5, 2, -2],
			"to": [19, 11.5, 0],
			"faces": {
				"north": {"uv": [0, 0, 16, 16], "texture": "#1"},
				"east": {"uv": [0, 0, 16, 16], "texture": "#1"},
				"south": {"uv": [0, 0, 16, 16], "texture": "#1"},
				"west": {"uv": [0, 0, 16, 16], "texture": "#1"},
				"up": {"uv": [0, 0, 16, 16], "texture": "#1"},
				"down": {"uv": [0, 0, 16, 16], "texture": "#1"}
			}
		},
		{
			"name": "Cube",
			"from": [17.6, 2.5, -13],
			"to": [18.9, 4, -2],
			"faces": {
				"north": {"uv": [0, 0, 16, 16], "texture": "#1"},
				"east": {"uv": [0, 0, 16, 16], "texture": "#1"},
				"south": {"uv": [0, 0, 16, 16], "texture": "#1"},
				"west": {"uv": [0, 0, 16, 16], "texture": "#1"},
				"up": {"uv": [0, 0, 16, 16], "texture": "#1"},
				"down": {"uv": [0, 0, 16, 16], "texture": "#1"}
			}
		},
		{
			"name": "Cube",
			"from": [17, -1, -14],
			"to": [17.5, 2, -10],
			"faces": {
				"north": {
					"uv": [0, 0, 16, 16],
					"texture": "#1",
					"rotation": 180
				},
				"east": {"uv": [0, 0, 16, 16], "texture": "#1"},
				"south": {"uv": [0, 0, 16, 16], "texture": "#1"},
				"west": {
					"uv": [0, 0, 16, 16],
					"texture": "#1",
					"rotation": 270
				},
				"up": {"uv": [0, 0, 16, 16], "texture": "#1"},
				"down": {
					"uv": [0, 0, 16, 16],
					"texture": "#1",
					"rotation": 180
				}
			},
			"rotation": {
				"origin": [18, 1, -10.100000000000001],
				"axis": "z",
				"angle": -45,
				"rescale": true
			}
		},
		{
			"name": "Cube",
			"from": [17, -1, -2],
			"to": [18, 2, -3.552713678800501e-15],
			"faces": {
				"north": {
					"uv": [0, 0, 16, 16],
					"texture": "#1",
					"rotation": 180
				},
				"east": {"uv": [0, 0, 16, 16], "texture": "#1"},
				"south": {"uv": [0, 0, 16, 16], "texture": "#1"},
				"west": {
					"uv": [0, 0, 16, 16],
					"texture": "#1",
					"rotation": 270
				},
				"up": {"uv": [0, 0, 16, 16], "texture": "#1"},
				"down": {
					"uv": [0, 0, 16, 16],
					"texture": "#1",
					"rotation": 180
				}
			},
			"rotation": {
				"origin": [18, 1, -0.9000000000000021],
				"axis": "z",
				"angle": -45,
				"rescale": true
			}
		},
		{
			"name": "Cube",
			"from": [17, -1, -10],
			"to": [18, 2, -8.000000000000004],
			"faces": {
				"north": {
					"uv": [0, 0, 16, 16],
					"texture": "#1",
					"rotation": 270
				},
				"east": {
					"uv": [0, 0, 16, 16],
					"texture": "#1",
					"rotation": 270
				},
				"south": {
					"uv": [0, 0, 16, 16],
					"texture": "#1",
					"rotation": 270
				},
				"west": {
					"uv": [0, 0, 16, 16],
					"texture": "#1",
					"rotation": 270
				},
				"up": {
					"uv": [0, 0, 16, 16],
					"texture": "#1",
					"rotation": 270
				},
				"down": {
					"uv": [0, 0, 16, 16],
					"texture": "#1",
					"rotation": 270
				}
			},
			"rotation": {
				"origin": [18, 1, -8.900000000000002],
				"axis": "z",
				"angle": -45,
				"rescale": true
			}
		},
		{
			"name": "Cube",
			"from": [17, -1, -8],
			"to": [17.5, 2, -2],
			"faces": {
				"north": {
					"uv": [0, 0, 16, 16],
					"texture": "#1",
					"rotation": 180
				},
				"east": {"uv": [0, 0, 16, 16], "texture": "#1"},
				"south": {"uv": [0, 0, 16, 16], "texture": "#1"},
				"west": {
					"uv": [0, 0, 16, 16],
					"texture": "#1",
					"rotation": 270
				},
				"up": {"uv": [0, 0, 16, 16], "texture": "#1"},
				"down": {
					"uv": [0, 0, 16, 16],
					"texture": "#1",
					"rotation": 180
				}
			},
			"rotation": {
				"origin": [18, 1, -1.1000000000000014],
				"axis": "z",
				"angle": -45,
				"rescale": true
			}
		},
		{
			"name": "Cube",
			"from": [7.699999999999999, 2, -15],
			"to": [18.95, 13.5, -13],
			"faces": {
				"north": {"uv": [0, 0, 16, 16], "texture": "#1"},
				"east": {"uv": [0, 0, 16, 16], "texture": "#1"},
				"south": {"uv": [0, 0, 16, 16], "texture": "#1"},
				"west": {"uv": [0, 0, 16, 16], "texture": "#1"},
				"up": {"uv": [0, 0, 16, 16], "texture": "#1"},
				"down": {"uv": [0, 0, 16, 16], "texture": "#1"}
			}
		},
		{
			"name": "Cube",
			"from": [16, -1, -14.9],
			"to": [17.9, 2, -13.000000000000004],
			"faces": {
				"north": {
					"uv": [0, 0, 16, 16],
					"texture": "#1",
					"rotation": 270
				},
				"east": {
					"uv": [0, 0, 16, 16],
					"texture": "#1",
					"rotation": 270
				},
				"south": {
					"uv": [0, 0, 16, 16],
					"texture": "#1",
					"rotation": 270
				},
				"west": {
					"uv": [0, 0, 16, 16],
					"texture": "#1",
					"rotation": 270
				},
				"up": {
					"uv": [0, 0, 16, 16],
					"texture": "#1",
					"rotation": 270
				},
				"down": {
					"uv": [0, 0, 16, 16],
					"texture": "#1",
					"rotation": 270
				}
			},
			"rotation": {
				"origin": [18, 1, -13.900000000000002],
				"axis": "z",
				"angle": -45,
				"rescale": true
			}
		},
		{
			"name": "Cube",
			"from": [-1.8999999999999986, -1, -14.9],
			"to": [0, 2, -13.000000000000004],
			"faces": {
				"north": {
					"uv": [16, 0, 0, 16],
					"texture": "#1",
					"rotation": 270
				},
				"east": {
					"uv": [16, 0, 0, 16],
					"texture": "#1",
					"rotation": 270
				},
				"south": {
					"uv": [16, 0, 0, 16],
					"texture": "#1",
					"rotation": 270
				},
				"west": {
					"uv": [16, 0, 0, 16],
					"texture": "#1",
					"rotation": 270
				},
				"up": {
					"uv": [16, 0, 0, 16],
					"texture": "#1",
					"rotation": 270
				},
				"down": {
					"uv": [16, 0, 0, 16],
					"texture": "#1",
					"rotation": 270
				}
			},
			"rotation": {
				"origin": [-2, 1, -13.900000000000002],
				"axis": "z",
				"angle": 45,
				"rescale": true
			}
		},
		{
			"name": "Cube",
			"from": [-2.9499999999999993, 2, -15],
			"to": [8.3, 13.5, -13],
			"faces": {
				"north": {"uv": [16, 0, 0, 16], "texture": "#1"},
				"east": {"uv": [16, 0, 0, 16], "texture": "#1"},
				"south": {"uv": [16, 0, 0, 16], "texture": "#1"},
				"west": {"uv": [16, 0, 0, 16], "texture": "#1"},
				"up": {"uv": [16, 0, 0, 16], "texture": "#1"},
				"down": {"uv": [16, 0, 0, 16], "texture": "#1"}
			}
		},
		{
			"name": "Cube",
			"from": [0, -1, -15],
			"to": [16, 2, -13],
			"faces": {
				"north": {"uv": [0, 0, 16, 16], "texture": "#1"},
				"east": {"uv": [0, 0, 16, 16], "texture": "#1"},
				"south": {"uv": [0, 0, 16, 16], "texture": "#1"},
				"west": {"uv": [0, 0, 16, 16], "texture": "#1"},
				"up": {"uv": [0, 0, 16, 16], "texture": "#1"},
				"down": {"uv": [0, 0, 16, 16], "texture": "#1"}
			}
		},
		{
			"name": "Cube",
			"from": [7.699999999999999, 13.5, -16],
			"to": [18.95, 15.5, -13],
			"faces": {
				"north": {"uv": [0, 0, 16, 16], "texture": "#1"},
				"east": {"uv": [0, 0, 16, 16], "texture": "#1"},
				"south": {"uv": [0, 0, 16, 16], "texture": "#1"},
				"west": {"uv": [0, 0, 16, 16], "texture": "#1"},
				"up": {"uv": [0, 0, 16, 16], "texture": "#1"},
				"down": {"uv": [0, 0, 16, 16], "texture": "#1"}
			}
		},
		{
			"name": "Cube",
			"from": [-3.3000000000000007, 13.5, -16],
			"to": [7.949999999999999, 15.5, -13],
			"faces": {
				"north": {"uv": [0, 0, 16, 16], "texture": "#1"},
				"east": {"uv": [0, 0, 16, 16], "texture": "#1"},
				"south": {"uv": [0, 0, 16, 16], "texture": "#1"},
				"west": {"uv": [0, 0, 16, 16], "texture": "#1"},
				"up": {"uv": [0, 0, 16, 16], "texture": "#1"},
				"down": {"uv": [0, 0, 16, 16], "texture": "#1"}
			}
		},
		{
			"name": "Cube",
			"from": [18, 10.8, -14.7],
			"to": [18.299999999999997, 14, -9.6],
			"faces": {
				"north": {"uv": [0, 0, 16, 16], "texture": "#1"},
				"east": {"uv": [0, 0, 16, 16], "texture": "#1"},
				"south": {"uv": [0, 0, 16, 16], "texture": "#1"},
				"west": {"uv": [0, 0, 16, 16], "texture": "#1"},
				"up": {"uv": [0, 0, 16, 16], "texture": "#1"},
				"down": {"uv": [0, 0, 16, 16], "texture": "#1"}
			},
			"rotation": {
				"origin": [18.25, 12.75, -12],
				"axis": "x",
				"angle": 45
			}
		},
		{
			"name": "Cube",
			"from": [-2.299999999999997, 10.8, -14.7],
			"to": [-2, 14, -9.6],
			"faces": {
				"north": {"uv": [16, 0, 0, 16], "texture": "#1"},
				"east": {"uv": [16, 0, 0, 16], "texture": "#1"},
				"south": {"uv": [16, 0, 0, 16], "texture": "#1"},
				"west": {"uv": [16, 0, 0, 16], "texture": "#1"},
				"up": {"uv": [16, 0, 0, 16], "texture": "#1"},
				"down": {"uv": [16, 0, 0, 16], "texture": "#1"}
			},
			"rotation": {
				"origin": [-2.25, 12.75, -12],
				"axis": "x",
				"angle": 45
			}
		},
		{
			"name": "Cube",
			"from": [7.699999999999999, 2, 30],
			"to": [17.549999999999997, 13, 32],
			"faces": {
				"north": {"uv": [16, 0, 0, 16], "texture": "#1"},
				"east": {"uv": [16, 0, 0, 16], "texture": "#1"},
				"south": {"uv": [16, 0, 0, 16], "texture": "#1"},
				"west": {"uv": [16, 0, 0, 16], "texture": "#1"},
				"up": {"uv": [0, 16, 16, 0], "texture": "#1"},
				"down": {"uv": [0, 16, 16, 0], "texture": "#1"}
			}
		},
		{
			"name": "Cube",
			"from": [16, -1, 30.000000000000004],
			"to": [17.9, 2, 31.9],
			"faces": {
				"north": {
					"uv": [16, 0, 0, 16],
					"texture": "#1",
					"rotation": 270
				},
				"east": {
					"uv": [16, 0, 0, 16],
					"texture": "#1",
					"rotation": 270
				},
				"south": {
					"uv": [16, 0, 0, 16],
					"texture": "#1",
					"rotation": 270
				},
				"west": {
					"uv": [16, 0, 0, 16],
					"texture": "#1",
					"rotation": 270
				},
				"up": {
					"uv": [0, 16, 16, 0],
					"texture": "#1",
					"rotation": 270
				},
				"down": {
					"uv": [0, 16, 16, 0],
					"texture": "#1",
					"rotation": 270
				}
			},
			"rotation": {
				"origin": [18, 1, 30.900000000000002],
				"axis": "z",
				"angle": -45,
				"rescale": true
			}
		},
		{
			"name": "Cube",
			"from": [0, -1, 30],
			"to": [16, 2, 32],
			"faces": {
				"north": {"uv": [16, 0, 0, 16], "texture": "#1"},
				"east": {"uv": [16, 0, 0, 16], "texture": "#1"},
				"south": {"uv": [16, 0, 0, 16], "texture": "#1"},
				"west": {"uv": [16, 0, 0, 16], "texture": "#1"},
				"up": {"uv": [0, 16, 16, 0], "texture": "#1"},
				"down": {"uv": [0, 16, 16, 0], "texture": "#1"}
			}
		},
		{
			"name": "Cube",
			"from": [
				-1.8999999999999986,
				-1,
				30.000000000000004
			],
			"to": [0, 2, 31.9],
			"faces": {
				"north": {
					"uv": [0, 0, 16, 16],
					"texture": "#1",
					"rotation": 270
				},
				"east": {
					"uv": [0, 0, 16, 16],
					"texture": "#1",
					"rotation": 270
				},
				"south": {
					"uv": [0, 0, 16, 16],
					"texture": "#1",
					"rotation": 270
				},
				"west": {
					"uv": [0, 0, 16, 16],
					"texture": "#1",
					"rotation": 270
				},
				"up": {
					"uv": [16, 16, 0, 0],
					"texture": "#1",
					"rotation": 270
				},
				"down": {
					"uv": [16, 16, 0, 0],
					"texture": "#1",
					"rotation": 270
				}
			},
			"rotation": {
				"origin": [-2, 1, 30.900000000000002],
				"axis": "z",
				"angle": 45,
				"rescale": true
			}
		},
		{
			"name": "Cube",
			"from": [-1.5499999999999972, 2, 30],
			"to": [8.3, 13, 32],
			"faces": {
				"north": {"uv": [0, 0, 16, 16], "texture": "#1"},
				"east": {"uv": [0, 0, 16, 16], "texture": "#1"},
				"south": {"uv": [0, 0, 16, 16], "texture": "#1"},
				"west": {"uv": [0, 0, 16, 16], "texture": "#1"},
				"up": {"uv": [16, 16, 0, 0], "texture": "#1"},
				"down": {"uv": [16, 16, 0, 0], "texture": "#1"}
			}
		},
		{
			"name": "Cube",
			"from": [
				-1.5999999999999996,
				7.899999999999999,
				-6.9
			],
			"to": [4.4, 13.9, -0.9000000000000004],
			"faces": {
				"north": {"uv": [0, 0, 16, 16], "texture": "#5"},
				"east": {"uv": [0, 0, 16, 16], "texture": "#5"},
				"south": {"uv": [0, 0, 16, 16], "texture": "#5"},
				"west": {"uv": [0, 0, 16, 16], "texture": "#5"},
				"up": {"uv": [0, 0, 16, 16], "texture": "#5"},
				"down": {"uv": [0, 0, 16, 16], "texture": "#5"}
			}
		},
		{
			"name": "Cube",
			"from": [-1.7999999999999998, 8.7, -12.9],
			"to": [4.2, 14.700000000000001, -6.9],
			"faces": {
				"north": {"uv": [0, 0, 16, 16], "texture": "#5"},
				"east": {"uv": [0, 0, 16, 16], "texture": "#5"},
				"south": {"uv": [0, 0, 16, 16], "texture": "#5"},
				"west": {"uv": [0, 0, 16, 16], "texture": "#5"},
				"up": {"uv": [0, 0, 16, 16], "texture": "#5"},
				"down": {"uv": [0, 0, 16, 16], "texture": "#5"}
			}
		},
		{
			"name": "Cube",
			"from": [
				-1.6999999999999993,
				8.099999999999998,
				-0.9000000000000004
			],
			"to": [4.300000000000001, 14.1, 5.1],
			"faces": {
				"north": {"uv": [0, 0, 16, 16], "texture": "#5"},
				"east": {"uv": [0, 0, 16, 16], "texture": "#5"},
				"south": {"uv": [0, 0, 16, 16], "texture": "#5"},
				"west": {"uv": [0, 0, 16, 16], "texture": "#5"},
				"up": {"uv": [0, 0, 16, 16], "texture": "#5"},
				"down": {"uv": [0, 0, 16, 16], "texture": "#5"}
			}
		},
		{
			"name": "Cube",
			"from": [-1.5, 7.499999999999998, 5.1],
			"to": [4.5, 13.5, 11.1],
			"faces": {
				"north": {"uv": [0, 0, 16, 16], "texture": "#5"},
				"east": {"uv": [0, 0, 16, 16], "texture": "#5"},
				"south": {"uv": [0, 0, 16, 16], "texture": "#5"},
				"west": {"uv": [0, 0, 16, 16], "texture": "#5"},
				"up": {"uv": [0, 0, 16, 16], "texture": "#5"},
				"down": {"uv": [0, 0, 16, 16], "texture": "#5"}
			}
		},
		{
			"name": "Cube",
			"from": [-2.2, 7.1999999999999975, 17.1],
			"to": [3.8, 13.2, 23.1],
			"faces": {
				"north": {"uv": [0, 0, 16, 16], "texture": "#5"},
				"east": {"uv": [0, 0, 16, 16], "texture": "#5"},
				"south": {"uv": [0, 0, 16, 16], "texture": "#5"},
				"west": {"uv": [0, 0, 16, 16], "texture": "#5"},
				"up": {"uv": [0, 0, 16, 16], "texture": "#5"},
				"down": {"uv": [0, 0, 16, 16], "texture": "#5"}
			}
		},
		{
			"name": "Cube",
			"from": [
				-1.7000000000000002,
				7.6999999999999975,
				11.100000000000001
			],
			"to": [4.3, 13.7, 17.1],
			"faces": {
				"north": {"uv": [0, 0, 16, 16], "texture": "#5"},
				"east": {"uv": [0, 0, 16, 16], "texture": "#5"},
				"south": {"uv": [0, 0, 16, 16], "texture": "#5"},
				"west": {"uv": [0, 0, 16, 16], "texture": "#5"},
				"up": {"uv": [0, 0, 16, 16], "texture": "#5"},
				"down": {"uv": [0, 0, 16, 16], "texture": "#5"}
			}
		},
		{
			"name": "Cube",
			"from": [-2, 7.499999999999998, 23.1],
			"to": [4, 13.5, 29.1],
			"faces": {
				"north": {"uv": [0, 0, 16, 16], "texture": "#5"},
				"east": {"uv": [0, 0, 16, 16], "texture": "#5"},
				"south": {"uv": [0, 0, 16, 16], "texture": "#5"},
				"west": {"uv": [0, 0, 16, 16], "texture": "#5"},
				"up": {"uv": [0, 0, 16, 16], "texture": "#5"},
				"down": {"uv": [0, 0, 16, 16], "texture": "#5"}
			}
		},
		{
			"name": "Cube",
			"from": [-2, 6.799999999999999, 24.3],
			"to": [4, 12.8, 30.3],
			"faces": {
				"north": {"uv": [0, 0, 16, 16], "texture": "#5"},
				"east": {"uv": [0, 0, 16, 16], "texture": "#5"},
				"south": {"uv": [0, 0, 16, 16], "texture": "#5"},
				"west": {"uv": [0, 0, 16, 16], "texture": "#5"},
				"up": {"uv": [0, 0, 16, 16], "texture": "#5"},
				"down": {"uv": [0, 0, 16, 16], "texture": "#5"}
			}
		},
		{
			"name": "Cube",
			"from": [
				3.0999999999999996,
				8.299999999999999,
				18.3
			],
			"to": [9.1, 14.3, 24.3],
			"faces": {
				"north": {"uv": [0, 0, 16, 16], "texture": "#5"},
				"east": {"uv": [0, 0, 16, 16], "texture": "#5"},
				"south": {"uv": [0, 0, 16, 16], "texture": "#5"},
				"west": {"uv": [0, 0, 16, 16], "texture": "#5"},
				"up": {"uv": [0, 0, 16, 16], "texture": "#5"},
				"down": {"uv": [0, 0, 16, 16], "texture": "#5"}
			}
		},
		{
			"name": "Cube",
			"from": [3.5, 7.1, 24.3],
			"to": [9.5, 13.100000000000001, 30.3],
			"faces": {
				"north": {"uv": [0, 0, 16, 16], "texture": "#5"},
				"east": {"uv": [0, 0, 16, 16], "texture": "#5"},
				"south": {"uv": [0, 0, 16, 16], "texture": "#5"},
				"west": {"uv": [0, 0, 16, 16], "texture": "#5"},
				"up": {"uv": [0, 0, 16, 16], "texture": "#5"},
				"down": {"uv": [0, 0, 16, 16], "texture": "#5"}
			}
		},
		{
			"name": "Cube",
			"from": [3.5999999999999996, 7.799999999999999, 13],
			"to": [9.6, 13.8, 19],
			"faces": {
				"north": {"uv": [0, 0, 16, 16], "texture": "#5"},
				"east": {"uv": [0, 0, 16, 16], "texture": "#5"},
				"south": {"uv": [0, 0, 16, 16], "texture": "#5"},
				"west": {"uv": [0, 0, 16, 16], "texture": "#5"},
				"up": {"uv": [0, 0, 16, 16], "texture": "#5"},
				"down": {"uv": [0, 0, 16, 16], "texture": "#5"}
			}
		},
		{
			"name": "Cube",
			"from": [3.5999999999999996, 8.499999999999998, 7],
			"to": [9.6, 14.5, 13],
			"faces": {
				"north": {"uv": [0, 0, 16, 16], "texture": "#5"},
				"east": {"uv": [0, 0, 16, 16], "texture": "#5"},
				"south": {"uv": [0, 0, 16, 16], "texture": "#5"},
				"west": {"uv": [0, 0, 16, 16], "texture": "#5"},
				"up": {"uv": [0, 0, 16, 16], "texture": "#5"},
				"down": {"uv": [0, 0, 16, 16], "texture": "#5"}
			}
		},
		{
			"name": "Cube",
			"from": [4.300000000000001, 7.499999999999998, 1],
			"to": [10.3, 13.5, 7],
			"faces": {
				"north": {"uv": [0, 0, 16, 16], "texture": "#5"},
				"east": {"uv": [0, 0, 16, 16], "texture": "#5"},
				"south": {"uv": [0, 0, 16, 16], "texture": "#5"},
				"west": {"uv": [0, 0, 16, 16], "texture": "#5"},
				"up": {"uv": [0, 0, 16, 16], "texture": "#5"},
				"down": {"uv": [0, 0, 16, 16], "texture": "#5"}
			}
		},
		{
			"name": "Cube",
			"from": [3.700000000000001, 8.199999999999998, -4.4],
			"to": [9.700000000000001, 14.2, 1.5999999999999996],
			"faces": {
				"north": {"uv": [0, 0, 16, 16], "texture": "#5"},
				"east": {"uv": [0, 0, 16, 16], "texture": "#5"},
				"south": {"uv": [0, 0, 16, 16], "texture": "#5"},
				"west": {"uv": [0, 0, 16, 16], "texture": "#5"},
				"up": {"uv": [0, 0, 16, 16], "texture": "#5"},
				"down": {"uv": [0, 0, 16, 16], "texture": "#5"}
			}
		},
		{
			"name": "Cube",
			"from": [
				3.700000000000001,
				7.499999999999998,
				-10.200000000000001
			],
			"to": [9.700000000000001, 13.5, -4.200000000000001],
			"faces": {
				"north": {"uv": [0, 0, 16, 16], "texture": "#5"},
				"east": {"uv": [0, 0, 16, 16], "texture": "#5"},
				"south": {"uv": [0, 0, 16, 16], "texture": "#5"},
				"west": {"uv": [0, 0, 16, 16], "texture": "#5"},
				"up": {"uv": [0, 0, 16, 16], "texture": "#5"},
				"down": {"uv": [0, 0, 16, 16], "texture": "#5"}
			}
		},
		{
			"name": "Cube",
			"from": [
				4.100000000000001,
				7.999999999999998,
				-13.3
			],
			"to": [10.100000000000001, 14, -7.300000000000001],
			"faces": {
				"north": {"uv": [0, 0, 16, 16], "texture": "#5"},
				"east": {"uv": [0, 0, 16, 16], "texture": "#5"},
				"south": {"uv": [0, 0, 16, 16], "texture": "#5"},
				"west": {"uv": [0, 0, 16, 16], "texture": "#5"},
				"up": {"uv": [0, 0, 16, 16], "texture": "#5"},
				"down": {"uv": [0, 0, 16, 16], "texture": "#5"}
			}
		},
		{
			"name": "Cube",
			"from": [11.900000000000002, 8.499999999999998, -13],
			"to": [17.900000000000002, 14.5, -7],
			"faces": {
				"north": {"uv": [0, 0, 16, 16], "texture": "#5"},
				"east": {"uv": [0, 0, 16, 16], "texture": "#5"},
				"south": {"uv": [0, 0, 16, 16], "texture": "#5"},
				"west": {"uv": [0, 0, 16, 16], "texture": "#5"},
				"up": {"uv": [0, 0, 16, 16], "texture": "#5"},
				"down": {"uv": [0, 0, 16, 16], "texture": "#5"}
			}
		},
		{
			"name": "Cube",
			"from": [
				8.500000000000002,
				8.099999999999998,
				-14.4
			],
			"to": [14.500000000000002, 14.1, -8.4],
			"faces": {
				"north": {"uv": [0, 0, 16, 16], "texture": "#5"},
				"east": {"uv": [0, 0, 16, 16], "texture": "#5"},
				"south": {"uv": [0, 0, 16, 16], "texture": "#5"},
				"west": {"uv": [0, 0, 16, 16], "texture": "#5"},
				"up": {"uv": [0, 0, 16, 16], "texture": "#5"},
				"down": {"uv": [0, 0, 16, 16], "texture": "#5"}
			}
		},
		{
			"name": "Cube",
			"from": [
				8.500000000000002,
				8.899999999999999,
				-7.899999999999999
			],
			"to": [
				14.500000000000002,
				14.9,
				-1.8999999999999986
			],
			"faces": {
				"north": {"uv": [0, 0, 16, 16], "texture": "#5"},
				"east": {"uv": [0, 0, 16, 16], "texture": "#5"},
				"south": {"uv": [0, 0, 16, 16], "texture": "#5"},
				"west": {"uv": [0, 0, 16, 16], "texture": "#5"},
				"up": {"uv": [0, 0, 16, 16], "texture": "#5"},
				"down": {"uv": [0, 0, 16, 16], "texture": "#5"}
			}
		},
		{
			"name": "Cube",
			"from": [
				9.400000000000002,
				7.599999999999998,
				-2.4999999999999982
			],
			"to": [15.400000000000002, 13.6, 3.5000000000000018],
			"faces": {
				"north": {"uv": [0, 0, 16, 16], "texture": "#5"},
				"east": {"uv": [0, 0, 16, 16], "texture": "#5"},
				"south": {"uv": [0, 0, 16, 16], "texture": "#5"},
				"west": {"uv": [0, 0, 16, 16], "texture": "#5"},
				"up": {"uv": [0, 0, 16, 16], "texture": "#5"},
				"down": {"uv": [0, 0, 16, 16], "texture": "#5"}
			}
		},
		{
			"name": "Cube",
			"from": [
				9.400000000000002,
				7.599999999999998,
				-2.4999999999999982
			],
			"to": [15.400000000000002, 13.6, 3.5000000000000018],
			"faces": {
				"north": {"uv": [0, 0, 16, 16], "texture": "#5"},
				"east": {"uv": [0, 0, 16, 16], "texture": "#5"},
				"south": {"uv": [0, 0, 16, 16], "texture": "#5"},
				"west": {"uv": [0, 0, 16, 16], "texture": "#5"},
				"up": {"uv": [0, 0, 16, 16], "texture": "#5"},
				"down": {"uv": [0, 0, 16, 16], "texture": "#5"}
			}
		},
		{
			"name": "Cube",
			"from": [
				8.100000000000003,
				7.999999999999998,
				2.6000000000000014
			],
			"to": [14.100000000000003, 14, 8.600000000000001],
			"faces": {
				"north": {"uv": [0, 0, 16, 16], "texture": "#5"},
				"east": {"uv": [0, 0, 16, 16], "texture": "#5"},
				"south": {"uv": [0, 0, 16, 16], "texture": "#5"},
				"west": {"uv": [0, 0, 16, 16], "texture": "#5"},
				"up": {"uv": [0, 0, 16, 16], "texture": "#5"},
				"down": {"uv": [0, 0, 16, 16], "texture": "#5"}
			}
		},
		{
			"name": "Cube",
			"from": [
				8.100000000000003,
				7.999999999999998,
				2.6000000000000014
			],
			"to": [14.100000000000003, 14, 8.600000000000001],
			"faces": {
				"north": {"uv": [0, 0, 16, 16], "texture": "#5"},
				"east": {"uv": [0, 0, 16, 16], "texture": "#5"},
				"south": {"uv": [0, 0, 16, 16], "texture": "#5"},
				"west": {"uv": [0, 0, 16, 16], "texture": "#5"},
				"up": {"uv": [0, 0, 16, 16], "texture": "#5"},
				"down": {"uv": [0, 0, 16, 16], "texture": "#5"}
			}
		},
		{
			"name": "Cube",
			"from": [8.000000000000004, 7.1999999999999975, 19],
			"to": [14.000000000000004, 13.2, 25],
			"faces": {
				"north": {"uv": [0, 0, 16, 16], "texture": "#5"},
				"east": {"uv": [0, 0, 16, 16], "texture": "#5"},
				"south": {"uv": [0, 0, 16, 16], "texture": "#5"},
				"west": {"uv": [0, 0, 16, 16], "texture": "#5"},
				"up": {"uv": [0, 0, 16, 16], "texture": "#5"},
				"down": {"uv": [0, 0, 16, 16], "texture": "#5"}
			}
		},
		{
			"name": "Cube",
			"from": [9.100000000000003, 7.1999999999999975, 8.3],
			"to": [15.100000000000003, 13.2, 14.3],
			"faces": {
				"north": {"uv": [0, 0, 16, 16], "texture": "#5"},
				"east": {"uv": [0, 0, 16, 16], "texture": "#5"},
				"south": {"uv": [0, 0, 16, 16], "texture": "#5"},
				"west": {"uv": [0, 0, 16, 16], "texture": "#5"},
				"up": {"uv": [0, 0, 16, 16], "texture": "#5"},
				"down": {"uv": [0, 0, 16, 16], "texture": "#5"}
			}
		},
		{
			"name": "Cube",
			"from": [9.100000000000001, 6.599999999999998, 24],
			"to": [15.100000000000001, 12.6, 30],
			"faces": {
				"north": {"uv": [0, 0, 16, 16], "texture": "#5"},
				"east": {"uv": [0, 0, 16, 16], "texture": "#5"},
				"south": {"uv": [0, 0, 16, 16], "texture": "#5"},
				"west": {"uv": [0, 0, 16, 16], "texture": "#5"},
				"up": {"uv": [0, 0, 16, 16], "texture": "#5"},
				"down": {"uv": [0, 0, 16, 16], "texture": "#5"}
			}
		},
		{
			"name": "Cube",
			"from": [9.100000000000003, 7.1999999999999975, 14],
			"to": [15.100000000000003, 13.2, 20],
			"faces": {
				"north": {"uv": [0, 0, 16, 16], "texture": "#5"},
				"east": {"uv": [0, 0, 16, 16], "texture": "#5"},
				"south": {"uv": [0, 0, 16, 16], "texture": "#5"},
				"west": {"uv": [0, 0, 16, 16], "texture": "#5"},
				"up": {"uv": [0, 0, 16, 16], "texture": "#5"},
				"down": {"uv": [0, 0, 16, 16], "texture": "#5"}
			}
		},
		{
			"name": "Cube",
			"from": [
				12.100000000000001,
				5.899999999999999,
				18.5
			],
			"to": [18.1, 11.9, 24.5],
			"faces": {
				"north": {"uv": [0, 0, 16, 16], "texture": "#5"},
				"east": {"uv": [0, 0, 16, 16], "texture": "#5"},
				"south": {"uv": [0, 0, 16, 16], "texture": "#5"},
				"west": {"uv": [0, 0, 16, 16], "texture": "#5"},
				"up": {"uv": [0, 0, 16, 16], "texture": "#5"},
				"down": {"uv": [0, 0, 16, 16], "texture": "#5"}
			}
		},
		{
			"name": "Cube",
			"from": [
				12.100000000000001,
				6.299999999999999,
				24.3
			],
			"to": [18.1, 12.3, 30.3],
			"faces": {
				"north": {"uv": [0, 0, 16, 16], "texture": "#5"},
				"east": {"uv": [0, 0, 16, 16], "texture": "#5"},
				"south": {"uv": [0, 0, 16, 16], "texture": "#5"},
				"west": {"uv": [0, 0, 16, 16], "texture": "#5"},
				"up": {"uv": [0, 0, 16, 16], "texture": "#5"},
				"down": {"uv": [0, 0, 16, 16], "texture": "#5"}
			}
		},
		{
			"name": "Cube",
			"from": [
				12.100000000000001,
				6.299999999999999,
				13.399999999999999
			],
			"to": [18.1, 12.3, 19.4],
			"faces": {
				"north": {"uv": [0, 0, 16, 16], "texture": "#5"},
				"east": {"uv": [0, 0, 16, 16], "texture": "#5"},
				"south": {"uv": [0, 0, 16, 16], "texture": "#5"},
				"west": {"uv": [0, 0, 16, 16], "texture": "#5"},
				"up": {"uv": [0, 0, 16, 16], "texture": "#5"},
				"down": {"uv": [0, 0, 16, 16], "texture": "#5"}
			}
		},
		{
			"name": "Cube",
			"from": [
				12.200000000000003,
				6.6999999999999975,
				2.9000000000000004
			],
			"to": [18.200000000000003, 12.7, 8.9],
			"faces": {
				"north": {"uv": [0, 0, 16, 16], "texture": "#5"},
				"east": {"uv": [0, 0, 16, 16], "texture": "#5"},
				"south": {"uv": [0, 0, 16, 16], "texture": "#5"},
				"west": {"uv": [0, 0, 16, 16], "texture": "#5"},
				"up": {"uv": [0, 0, 16, 16], "texture": "#5"},
				"down": {"uv": [0, 0, 16, 16], "texture": "#5"}
			}
		},
		{
			"name": "Cube",
			"from": [
				12.200000000000003,
				5.6999999999999975,
				8.3
			],
			"to": [18.200000000000003, 11.7, 14.3],
			"faces": {
				"north": {"uv": [0, 0, 16, 16], "texture": "#5"},
				"east": {"uv": [0, 0, 16, 16], "texture": "#5"},
				"south": {"uv": [0, 0, 16, 16], "texture": "#5"},
				"west": {"uv": [0, 0, 16, 16], "texture": "#5"},
				"up": {"uv": [0, 0, 16, 16], "texture": "#5"},
				"down": {"uv": [0, 0, 16, 16], "texture": "#5"}
			}
		},
		{
			"name": "Cube",
			"from": [
				12.200000000000003,
				7.1999999999999975,
				-1.9000000000000004
			],
			"to": [18.200000000000003, 13.2, 4.1],
			"faces": {
				"north": {"uv": [0, 0, 16, 16], "texture": "#5"},
				"east": {"uv": [0, 0, 16, 16], "texture": "#5"},
				"south": {"uv": [0, 0, 16, 16], "texture": "#5"},
				"west": {"uv": [0, 0, 16, 16], "texture": "#5"},
				"up": {"uv": [0, 0, 16, 16], "texture": "#5"},
				"down": {"uv": [0, 0, 16, 16], "texture": "#5"}
			}
		},
		{
			"name": "Cube",
			"from": [
				12.200000000000003,
				7.999999999999998,
				-7.700000000000001
			],
			"to": [18.200000000000003, 14, -1.700000000000001],
			"faces": {
				"north": {"uv": [0, 0, 16, 16], "texture": "#5"},
				"east": {"uv": [0, 0, 16, 16], "texture": "#5"},
				"south": {"uv": [0, 0, 16, 16], "texture": "#5"},
				"west": {"uv": [0, 0, 16, 16], "texture": "#5"},
				"up": {"uv": [0, 0, 16, 16], "texture": "#5"},
				"down": {"uv": [0, 0, 16, 16], "texture": "#5"}
			}
		}
	],
	"groups": [
		2,
		4,
		6,
		8,
		10,
		12,
		14,
		16,
		18,
		20,
		23,
		25,
		27,
		29,
		31,
		34,
		36,
		38,
		40,
		{
			"name": "trailer2",
			"origin": [8, 8, 8],
			"isOpen": true,
			"display": {
				"visibility": true,
				"export": true,
				"autouv": true
			},
			"children": [
				35,
				36,
				37,
				38,
				39,
				40,
				41,
				42,
				43,
				44,
				45,
				46,
				47,
				48,
				49,
				50,
				51,
				52,
				53,
				0,
				1,
				3,
				5,
				7,
				9,
				11,
				13,
				15,
				17,
				19,
				21,
				22,
				24,
				26,
				28,
				30,
				32,
				33,
				54,
				55,
				56,
				57,
				58,
				59,
				61,
				70,
				71,
				79,
				80,
				81,
				88,
				89,
				90,
				91,
				92,
				99,
				100,
				101,
				102,
				109,
				110,
				111,
				112,
				113,
				120,
				121,
				122,
				123,
				125,
				126,
				128,
				134,
				135,
				136,
				138,
				139,
				140,
				141,
				142,
				143,
				144,
				145,
				146,
				147,
				148,
				149,
				150,
				151,
				152,
				153,
				154,
				155,
				156,
				157,
				158,
				159,
				160,
				161,
				162,
				163,
				164,
				165,
				166,
				167,
				168,
				169,
				170,
				171
			]
		},
		60,
		62,
		63,
		64,
		65,
		66,
		67,
		68,
		69,
		72,
		73,
		74,
		75,
		76,
		77,
		78,
		82,
		83,
		84,
		85,
		86,
		87,
		93,
		94,
		95,
		96,
		97,
		98,
		103,
		104,
		105,
		106,
		107,
		108,
		114,
		115,
		116,
		117,
		118,
		119,
		124,
		127,
		129,
		130,
		131,
		132,
		133,
		137
	],
	"display": {
		"head": {
			"rotation": [0, 0, 0],
			"scale": [3.5, 3.5, 4],
			"translation": [0, 0, 10]
		},
		"thirdperson_righthand": {"scale": [1, 1, 1]},
		"ground": {"scale": [1, 1, 1]},
		"fixed": {"scale": [1, 1, 1]},
		"gui": {"scale": [1, 1, 1]},
		"firstperson_lefthand": {"scale": [1, 1, 1]}
	}
}