{
	"credit": "Made with Blockbench, a free, modern block model editor by JannisX11",
	"textures": {
		"0": "block/concrete_white",
		"1": "block/wool_colored_gray",
		"2": "block/stone_andesite_smooth",
		"3": "block/hardened_clay_stained_yellow",
		"4": "block/iron_block",
		"6": "block/concrete_gray",
		"7": "block/glass",
		"particle": "block/glass"
	},
	"elements": [
		{
			"name": "Cube",
			"from": [-0.07281553398058094, 0, -2],
			"to": [0.9271844660194191, 9, -1],
			"faces": {
				"north": {"uv": [0, 0, 3, 1], "texture": "#0"},
				"east": {"uv": [0, 0, 14, 1], "texture": "#0"},
				"south": {"uv": [0, 0, 3, 1], "texture": "#0"},
				"west": {"uv": [0, 0, 14, 1], "texture": "#0"},
				"up": {"uv": [0, 0, 3, 14], "texture": "#0"},
				"down": {"uv": [0, 0, 3, 14], "texture": "#0"}
			},
			"rotation": {
				"origin": [5.927184466019419, 3, -2],
				"axis": "x",
				"angle": 22.5
			}
		},
		{
			"name": "Roof",
			"from": [-0.07281553398058094, 8, -1],
			"to": [15.927184466019419, 9, 12],
			"faces": {
				"north": {"uv": [0, 0, 3, 1], "texture": "#0"},
				"east": {"uv": [0, 0, 14, 1], "texture": "#0"},
				"south": {"uv": [0, 0, 3, 1], "texture": "#0"},
				"west": {"uv": [0, 0, 14, 1], "texture": "#0"},
				"up": {"uv": [0, 0, 3, 14], "texture": "#0"},
				"down": {"uv": [0, 0, 3, 14], "texture": "#0"}
			}
		},
		{
			"name": "Cube",
			"from": [-0.07281553398058094, -9, 11],
			"to": [15.927184466019419, 9, 12],
			"faces": {
				"north": {"uv": [0, 0, 3, 1], "texture": "#0"},
				"east": {"uv": [0, 0, 14, 1], "texture": "#0"},
				"south": {"uv": [0, 0, 3, 1], "texture": "#0"},
				"west": {"uv": [0, 0, 14, 1], "texture": "#0"},
				"up": {"uv": [0, 0, 3, 14], "texture": "#0"},
				"down": {"uv": [0, 0, 3, 14], "texture": "#0"}
			}
		},
		{
			"name": "Cube",
			"from": [1.927184466019419, -7, -15],
			"to": [13.927184466019419, 0, -4],
			"faces": {
				"north": {"uv": [0, 0, 16, 16], "texture": "#0"},
				"east": {"uv": [0, 0, 16, 16], "texture": "#0"},
				"south": {"uv": [0, 0, 16, 16], "texture": "#0"},
				"west": {"uv": [0, 0, 16, 16], "texture": "#0"},
				"up": {"uv": [0, 0, 16, 16], "texture": "#0"},
				"down": {"uv": [0, 0, 16, 16], "texture": "#0"}
			}
		},
		{
			"name": "Cube",
			"from": [14.927184466019419, 0, -2],
			"to": [15.927184466019419, 9, -1],
			"faces": {
				"north": {"uv": [0, 0, 3, 1], "texture": "#0"},
				"east": {"uv": [0, 0, 14, 1], "texture": "#0"},
				"south": {"uv": [0, 0, 3, 1], "texture": "#0"},
				"west": {"uv": [0, 0, 14, 1], "texture": "#0"},
				"up": {"uv": [0, 0, 3, 14], "texture": "#0"},
				"down": {"uv": [0, 0, 3, 14], "texture": "#0"}
			},
			"rotation": {
				"origin": [9.927184466019419, 3, -2],
				"axis": "x",
				"angle": 22.5
			}
		},
		{
			"name": "Cube",
			"from": [5.427184466019419, -6, 1],
			"to": [10.427184466019419, -5, 7],
			"faces": {
				"north": {"uv": [0, 0, 16, 1], "texture": "#1"},
				"east": {"uv": [0, 0, 14, 1], "texture": "#1"},
				"south": {"uv": [0, 0, 3, 1], "texture": "#1"},
				"west": {"uv": [0, 0, 14, 1], "texture": "#1"},
				"up": {"uv": [0, 0, 16, 16], "texture": "#1"},
				"down": {"uv": [0, 0, 3, 14], "texture": "#1"}
			}
		},
		{
			"name": "Cube",
			"from": [3.927184466019419, -10, -15],
			"to": [11.927184466019419, -7, -4],
			"faces": {
				"north": {"uv": [0, 0, 16, 16], "texture": "#6"},
				"east": {"uv": [0, 0, 16, 16], "texture": "#6"},
				"south": {"uv": [0, 0, 16, 16], "texture": "#6"},
				"west": {"uv": [0, 0, 16, 16], "texture": "#6"},
				"up": {"uv": [0, 0, 16, 16], "texture": "#6"},
				"down": {"uv": [0, 0, 16, 16], "texture": "#6"}
			}
		},
		{
			"name": "Cube",
			"from": [3.427184466019419, -7, -15.5],
			"to": [
				12.427184466019419,
				0.8000000000000007,
				-13.5
			],
			"faces": {
				"north": {"uv": [0, 0, 16, 16], "texture": "#2"},
				"east": {"uv": [0, 0, 14, 1], "texture": "#2"},
				"south": {"uv": [0, 0, 3, 1], "texture": "#2"},
				"west": {"uv": [0, 0, 14, 1], "texture": "#2"},
				"up": {"uv": [0, 0, 3, 14], "texture": "#2"},
				"down": {"uv": [0, 0, 3, 14], "texture": "#2"}
			}
		},
		{
			"name": "Cube",
			"from": [-0.5728155339805809, -6, -15.5],
			"to": [2.427184466019419, -4, -14.5],
			"faces": {
				"north": {"uv": [0, 0, 16, 16], "texture": "#3"},
				"east": {"uv": [0, 0, 14, 1], "texture": "#3"},
				"south": {"uv": [0, 0, 3, 1], "texture": "#3"},
				"west": {"uv": [0, 0, 14, 1], "texture": "#3"},
				"up": {"uv": [0, 0, 3, 14], "texture": "#3"},
				"down": {"uv": [0, 0, 3, 14], "texture": "#3"}
			}
		},
		{
			"name": "Cube",
			"from": [4.927184466019419, -8.5, -16],
			"to": [10.927184466019419, -6.5, -15],
			"faces": {
				"north": {"uv": [0, 0, 16, 16], "texture": "#4"},
				"east": {"uv": [0, 0, 14, 1], "texture": "#4"},
				"south": {"uv": [0, 0, 3, 1], "texture": "#4"},
				"west": {"uv": [0, 0, 14, 1], "texture": "#4"},
				"up": {"uv": [0, 0, 3, 14], "texture": "#4"},
				"down": {"uv": [0, 0, 3, 14], "texture": "#4"}
			}
		},
		{
			"name": "Cube",
			"from": [13.427184466019419, -6, -15.5],
			"to": [16.42718446601942, -4, -14.5],
			"faces": {
				"north": {"uv": [0, 0, 3, 1], "texture": "#3"},
				"east": {"uv": [0, 0, 14, 1], "texture": "#3"},
				"south": {"uv": [0, 0, 3, 1], "texture": "#3"},
				"west": {"uv": [0, 0, 14, 1], "texture": "#3"},
				"up": {"uv": [0, 0, 3, 14], "texture": "#3"},
				"down": {"uv": [0, 0, 3, 14], "texture": "#3"}
			}
		},
		{
			"name": "Cube",
			"from": [-1.572815533980581, -11, -15.8],
			"to": [17.42718446601942, -7, -14.8],
			"faces": {
				"north": {"uv": [0, 0, 16, 16], "texture": "#2"},
				"east": {"uv": [0, 0, 3, 16], "texture": "#2"},
				"south": {"uv": [0, 0, 3, 1], "texture": "#2"},
				"west": {"uv": [3, 0, 0, 16], "texture": "#2"},
				"up": {"uv": [0, 0, 3, 14], "texture": "#2"},
				"down": {"uv": [0, 0, 3, 14], "texture": "#2"}
			}
		},
		{
			"name": "Cube",
			"from": [-1.872815533980581, -2, 4],
			"to": [-1.372815533980581, -1.5, 6],
			"faces": {
				"north": {"uv": [0, 0, 3, 1], "texture": "#6"},
				"east": {"uv": [0, 0, 14, 1], "texture": "#6"},
				"south": {"uv": [0, 0, 3, 1], "texture": "#6"},
				"west": {"uv": [0, 0, 14, 1], "texture": "#6"},
				"up": {"uv": [0, 0, 3, 14], "texture": "#6"},
				"down": {"uv": [0, 0, 3, 14], "texture": "#6"}
			}
		},
		{
			"name": "Cube",
			"from": [1.927184466019419, -10, 11],
			"to": [13.927184466019419, -4, 31],
			"faces": {
				"north": {"uv": [0, 0, 16, 16], "texture": "#6"},
				"east": {"uv": [0, 0, 16, 16], "texture": "#6"},
				"south": {"uv": [0, 0, 16, 16], "texture": "#6"},
				"west": {"uv": [0, 0, 16, 16], "texture": "#6"},
				"up": {"uv": [0, 0, 16, 16], "texture": "#6"},
				"down": {"uv": [0, 0, 16, 16], "texture": "#6"}
			}
		},
		{
			"name": "Cube",
			"from": [5.427184466019419, -4, 7.5],
			"to": [10.427184466019419, 4, 8.5],
			"faces": {
				"north": {"uv": [0, 0, 16, 16], "texture": "#1"},
				"east": {"uv": [0, 0, 14, 1], "texture": "#1"},
				"south": {"uv": [0, 0, 3, 1], "texture": "#1"},
				"west": {"uv": [0, 0, 14, 1], "texture": "#1"},
				"up": {"uv": [0, 0, 3, 14], "texture": "#1"},
				"down": {"uv": [0, 0, 3, 14], "texture": "#1"}
			},
			"rotation": {
				"origin": [7.927184466019419, 0, 4],
				"axis": "x",
				"angle": 22.5
			}
		},
		{
			"name": "Cube",
			"from": [10.927184466019419, -6, 1],
			"to": [12.427184466019419, -5, 5],
			"faces": {
				"north": {"uv": [0, 0, 3, 1], "texture": "#6"},
				"east": {"uv": [0, 0, 14, 1], "texture": "#6"},
				"south": {"uv": [0, 0, 3, 1], "texture": "#6"},
				"west": {"uv": [0, 0, 14, 1], "texture": "#6"},
				"up": {"uv": [0, 0, 3, 14], "texture": "#6"},
				"down": {"uv": [0, 0, 3, 14], "texture": "#6"}
			}
		},
		{
			"name": "Cube",
			"from": [11.427184466019419, -4.5, 1],
			"to": [11.927184466019419, -2.5, 1.5],
			"faces": {
				"north": {"uv": [0, 0, 3, 1], "texture": "#2"},
				"east": {"uv": [0, 0, 14, 1], "texture": "#2"},
				"south": {"uv": [0, 0, 3, 1], "texture": "#2"},
				"west": {"uv": [0, 0, 14, 1], "texture": "#2"},
				"up": {"uv": [0, 0, 3, 14], "texture": "#2"},
				"down": {"uv": [0, 0, 3, 14], "texture": "#2"}
			},
			"rotation": {
				"origin": [7.927184466019419, 0, 4],
				"axis": "x",
				"angle": -22.5
			}
		},
		{
			"name": "Cube",
			"from": [5.927184466019419, -1, -1.5],
			"to": [9.927184466019419, -0.5, -1],
			"faces": {
				"north": {"uv": [0, 0, 3, 1], "texture": "#6"},
				"east": {"uv": [0, 0, 14, 1], "texture": "#6"},
				"south": {"uv": [0, 0, 3, 1], "texture": "#6"},
				"west": {"uv": [0, 0, 14, 1], "texture": "#6"},
				"up": {"uv": [0, 0, 3, 14], "texture": "#6"},
				"down": {"uv": [0, 0, 3, 14], "texture": "#6"}
			}
		},
		{
			"name": "Cube",
			"from": [5.927184466019419, 2, -1.5],
			"to": [9.927184466019419, 2.5, -1],
			"faces": {
				"north": {"uv": [0, 0, 3, 1], "texture": "#6"},
				"east": {"uv": [0, 0, 14, 1], "texture": "#6"},
				"south": {"uv": [0, 0, 3, 1], "texture": "#6"},
				"west": {"uv": [0, 0, 14, 1], "texture": "#6"},
				"up": {"uv": [0, 0, 3, 14], "texture": "#6"},
				"down": {"uv": [0, 0, 3, 14], "texture": "#6"}
			}
		},
		{
			"name": "Cube",
			"from": [5.927184466019419, -1, -1.5],
			"to": [6.427184466019419, 2, -1],
			"faces": {
				"north": {"uv": [0, 0, 3, 1], "texture": "#6"},
				"east": {"uv": [0, 0, 14, 1], "texture": "#6"},
				"south": {"uv": [0, 0, 3, 1], "texture": "#6"},
				"west": {"uv": [0, 0, 14, 1], "texture": "#6"},
				"up": {"uv": [0, 0, 3, 14], "texture": "#6"},
				"down": {"uv": [0, 0, 3, 14], "texture": "#6"}
			}
		},
		{
			"name": "Cube",
			"from": [9.427184466019419, -1, -1.5],
			"to": [9.927184466019419, 2, -1],
			"faces": {
				"north": {"uv": [0, 0, 3, 1], "texture": "#6"},
				"east": {"uv": [0, 0, 14, 1], "texture": "#6"},
				"south": {"uv": [0, 0, 3, 1], "texture": "#6"},
				"west": {"uv": [0, 0, 14, 1], "texture": "#6"},
				"up": {"uv": [0, 0, 3, 14], "texture": "#6"},
				"down": {"uv": [0, 0, 3, 14], "texture": "#6"}
			}
		},
		{
			"name": "Cube",
			"from": [
				5.927184466019419,
				0.4999999999999998,
				-1.5
			],
			"to": [9.927184466019419, 0.9999999999999998, -1],
			"faces": {
				"north": {"uv": [0, 0, 3, 1], "texture": "#6"},
				"east": {"uv": [0, 0, 14, 1], "texture": "#6"},
				"south": {"uv": [0, 0, 3, 1], "texture": "#6"},
				"west": {"uv": [0, 0, 14, 1], "texture": "#6"},
				"up": {"uv": [0, 0, 3, 14], "texture": "#6"},
				"down": {"uv": [0, 0, 3, 14], "texture": "#6"}
			}
		},
		{
			"name": "Cube",
			"from": [7.677184466019419, -1, -1.5],
			"to": [8.177184466019419, 1, -1],
			"faces": {
				"north": {"uv": [0, 0, 3, 1], "texture": "#6"},
				"east": {"uv": [0, 0, 14, 1], "texture": "#6"},
				"south": {"uv": [0, 0, 3, 1], "texture": "#6"},
				"west": {"uv": [0, 0, 14, 1], "texture": "#6"},
				"up": {"uv": [0, 0, 3, 14], "texture": "#6"},
				"down": {"uv": [0, 0, 3, 14], "texture": "#6"}
			}
		},
		{
			"name": "Cube",
			"from": [7.677184466019419, 0.4999999999999998, -2],
			"to": [8.177184466019419, 0.9999999999999998, -1.5],
			"faces": {
				"north": {"uv": [0, 0, 3, 1], "texture": "#6"},
				"east": {"uv": [0, 0, 14, 1], "texture": "#6"},
				"south": {"uv": [0, 0, 3, 1], "texture": "#6"},
				"west": {"uv": [0, 0, 14, 1], "texture": "#6"},
				"up": {"uv": [0, 0, 3, 14], "texture": "#6"},
				"down": {"uv": [0, 0, 3, 14], "texture": "#6"}
			}
		},
		{
			"name": "Cube",
			"from": [7.927184466019419, 0, -1.7999999999999998],
			"to": [15.72718446601942, 9, -1.2999999999999998],
			"faces": {
				"north": {"uv": [0, 0, 16, 16], "texture": "#7"},
				"up": {"uv": [0, 0, 16, 16], "texture": "#7"},
				"down": {"uv": [0, 0, 16, 16], "texture": "#7"}
			},
			"rotation": {
				"origin": [7.927184466019419, 3, -2],
				"axis": "x",
				"angle": 22.5
			}
		},
		{
			"name": "Cube",
			"from": [0.12718446601941835, -2, -2.3],
			"to": [
				0.6271844660194184,
				1.8000000000000007,
				0.8000000000000007
			],
			"faces": {
				"west": {"uv": [0, 0, 16, 16], "texture": "#7"}
			}
		},
		{
			"name": "Cube",
			"from": [
				0.12718446601941835,
				4.600000000000001,
				-0.20000000000000018
			],
			"to": [
				0.6271844660194184,
				7.600000000000001,
				0.7999999999999998
			],
			"faces": {
				"west": {"uv": [0, 0, 16, 16], "texture": "#7"}
			}
		},
		{
			"name": "Cube",
			"from": [0.12718446601941835, 1, 0.6999999999999993],
			"to": [0.6271844660194184, 8.600000000000001, 6.5],
			"faces": {
				"west": {"uv": [0, 0, 16, 16], "texture": "#7"}
			}
		},
		{
			"name": "Cube",
			"from": [-3.572815533980581, 1.5, 0],
			"to": [-1.072815533980581, 7, 0.10000000000000009],
			"faces": {
				"north": {"uv": [0, 0, 3, 1], "texture": "#4"},
				"east": {"uv": [0, 0, 14, 1], "texture": "#4"},
				"south": {"uv": [0, 0, 3, 1], "texture": "#4"},
				"west": {"uv": [0, 0, 14, 1], "texture": "#4"},
				"up": {"uv": [0, 0, 3, 14], "texture": "#4"},
				"down": {"uv": [0, 0, 3, 14], "texture": "#4"}
			},
			"rotation": {
				"origin": [
					-2.322815533980581,
					4.25,
					0.050000000000000044
				],
				"axis": "y",
				"angle": 22.5
			}
		},
		{
			"name": "Cube",
			"from": [-1.072815533980581, -9, -15],
			"to": [1.927184466019419, -7, -14],
			"faces": {
				"north": {"uv": [0, 0, 16, 16], "texture": "#2"},
				"east": {"uv": [0, 0, 16, 16], "texture": "#2"},
				"south": {"uv": [0, 0, 16, 16], "texture": "#2"},
				"west": {"uv": [0, 0, 16, 16], "texture": "#2"},
				"up": {"uv": [0, 0, 16, 16], "texture": "#2"},
				"down": {"uv": [0, 0, 16, 16], "texture": "#2"}
			}
		},
		{
			"name": "Cube",
			"from": [-1.072815533980581, -5, -13],
			"to": [1.927184466019419, -4, -11],
			"faces": {
				"north": {"uv": [0, 0, 16, 16], "texture": "#2"},
				"east": {"uv": [0, 0, 16, 16], "texture": "#2"},
				"south": {"uv": [0, 0, 16, 16], "texture": "#2"},
				"west": {"uv": [0, 0, 16, 16], "texture": "#2"},
				"up": {"uv": [0, 0, 16, 16], "texture": "#2"},
				"down": {"uv": [0, 0, 16, 16], "texture": "#2"}
			}
		},
		{
			"name": "Cube",
			"from": [-1.072815533980581, -7, -5],
			"to": [1.927184466019419, -5, -4],
			"faces": {
				"north": {"uv": [0, 0, 16, 16], "texture": "#2"},
				"east": {"uv": [0, 0, 16, 16], "texture": "#2"},
				"south": {"uv": [0, 0, 16, 16], "texture": "#2"},
				"west": {"uv": [0, 0, 16, 16], "texture": "#2"},
				"up": {"uv": [0, 0, 16, 16], "texture": "#2"},
				"down": {"uv": [0, 0, 16, 16], "texture": "#2"}
			}
		},
		{
			"name": "Cube",
			"from": [-1.072815533980581, -4, -11],
			"to": [1.927184466019419, -3, -7],
			"faces": {
				"north": {"uv": [0, 0, 16, 16], "texture": "#2"},
				"east": {"uv": [0, 0, 16, 16], "texture": "#2"},
				"south": {"uv": [0, 0, 16, 16], "texture": "#2"},
				"west": {"uv": [0, 0, 16, 16], "texture": "#2"},
				"up": {"uv": [0, 0, 16, 16], "texture": "#2"},
				"down": {"uv": [0, 0, 16, 16], "texture": "#2"}
			}
		},
		{
			"name": "Cube",
			"from": [-1.072815533980581, -5, -7],
			"to": [1.927184466019419, -4, -5],
			"faces": {
				"north": {"uv": [0, 0, 16, 16], "texture": "#2"},
				"east": {"uv": [0, 0, 16, 16], "texture": "#2"},
				"south": {"uv": [0, 0, 16, 16], "texture": "#2"},
				"west": {"uv": [0, 0, 16, 16], "texture": "#2"},
				"up": {"uv": [0, 0, 16, 16], "texture": "#2"},
				"down": {"uv": [0, 0, 16, 16], "texture": "#2"}
			}
		},
		{
			"name": "Cube",
			"from": [-2.072815533980581, -10, 6],
			"to": [-0.07281553398058094, -9, 12],
			"faces": {
				"north": {"uv": [0, 0, 16, 16], "texture": "#2"},
				"east": {"uv": [0, 0, 16, 16], "texture": "#2"},
				"south": {"uv": [0, 0, 16, 16], "texture": "#2"},
				"west": {"uv": [0, 0, 16, 16], "texture": "#2"},
				"up": {"uv": [0, 0, 16, 16], "texture": "#2"},
				"down": {"uv": [0, 0, 16, 16], "texture": "#2"}
			}
		},
		{
			"name": "Cube",
			"from": [-0.07281553398058094, -10, -4],
			"to": [15.927184466019419, -7, 10],
			"faces": {
				"north": {"uv": [0, 0, 16, 16], "texture": "#6"},
				"east": {"uv": [0, 0, 16, 16], "texture": "#6"},
				"south": {"uv": [0, 0, 16, 16], "texture": "#6"},
				"west": {"uv": [0, 0, 16, 16], "texture": "#6"},
				"up": {"uv": [0, 0, 16, 16], "texture": "#6"},
				"down": {"uv": [0, 0, 16, 16], "texture": "#6"}
			}
		},
		{
			"name": "Cube",
			"from": [-0.07281553398058094, -7, -4],
			"to": [15.927184466019419, 1, -2],
			"faces": {
				"north": {"uv": [0, 0, 16, 16], "texture": "#0"},
				"east": {"uv": [0, 0, 16, 16], "texture": "#0"},
				"south": {"uv": [0, 0, 16, 16], "texture": "#0"},
				"west": {"uv": [0, 0, 16, 16], "texture": "#0"},
				"up": {"uv": [0, 0, 16, 16], "texture": "#0"},
				"down": {"uv": [0, 0, 16, 16], "texture": "#0"}
			}
		},
		{
			"name": "Cube",
			"from": [15.927184466019419, -10, -4],
			"to": [17.92718446601942, -7, 6],
			"faces": {
				"north": {"uv": [16, 0, 0, 16], "texture": "#2"},
				"east": {"uv": [16, 0, 0, 16], "texture": "#2"},
				"south": {"uv": [16, 0, 0, 16], "texture": "#2"},
				"west": {"uv": [16, 0, 0, 16], "texture": "#2"},
				"up": {"uv": [16, 0, 0, 16], "texture": "#2"},
				"down": {"uv": [16, 0, 0, 16], "texture": "#2"}
			}
		},
		{
			"name": "Cube",
			"from": [2.927184466019419, 0, -14],
			"to": [12.927184466019419, 2, -2],
			"faces": {
				"north": {"uv": [0, 0, 16, 16], "texture": "#0"},
				"east": {"uv": [0, 0, 16, 16], "texture": "#0"},
				"south": {"uv": [0, 0, 16, 16], "texture": "#0"},
				"west": {"uv": [0, 0, 16, 16], "texture": "#0"},
				"up": {"uv": [0, 0, 16, 16], "texture": "#0"},
				"down": {"uv": [0, 0, 16, 16], "texture": "#0"}
			}
		},
		{
			"name": "Cube",
			"from": [-1.072815533980581, -9, 6],
			"to": [0.9271844660194191, 9, 11],
			"faces": {
				"north": {"uv": [0, 0, 3, 1], "texture": "#0"},
				"east": {"uv": [0, 0, 14, 1], "texture": "#0"},
				"south": {"uv": [0, 0, 3, 1], "texture": "#0"},
				"west": {"uv": [0, 0, 14, 1], "texture": "#0"},
				"up": {"uv": [0, 0, 3, 14], "texture": "#0"},
				"down": {"uv": [0, 0, 3, 14], "texture": "#0"}
			}
		},
		{
			"name": "Cube",
			"from": [
				-3.572815533980581,
				1.5,
				0.09999999999999998
			],
			"to": [-1.072815533980581, 7, 0.19999999999999962],
			"faces": {
				"north": {"uv": [0, 0, 16, 16], "texture": "#7"},
				"east": {"uv": [0, 0, 16, 16], "texture": "#7"},
				"south": {"uv": [0, 0, 16, 16], "texture": "#7"},
				"west": {"uv": [0, 0, 16, 16], "texture": "#7"},
				"up": {"uv": [0, 0, 16, 16], "texture": "#7"},
				"down": {"uv": [0, 0, 16, 16], "texture": "#7"}
			},
			"rotation": {
				"origin": [
					-2.322815533980581,
					4.25,
					0.1499999999999998
				],
				"axis": "y",
				"angle": 22.5
			}
		},
		{
			"name": "Cube",
			"from": [-2.572815533980581, 7.5, 0],
			"to": [
				-0.07281553398058094,
				7.699999999999999,
				0.10000000000000009
			],
			"faces": {
				"north": {"uv": [0, 0, 3, 1], "texture": "#4"},
				"east": {"uv": [0, 0, 14, 1], "texture": "#4"},
				"south": {"uv": [0, 0, 3, 1], "texture": "#4"},
				"west": {"uv": [0, 0, 14, 1], "texture": "#4"},
				"up": {"uv": [0, 0, 3, 14], "texture": "#4"},
				"down": {"uv": [0, 0, 3, 14], "texture": "#4"}
			}
		},
		{
			"name": "Cube",
			"from": [-2.572815533980581, 0.5, 0],
			"to": [
				-2.3728155339805816,
				1.5,
				0.19999999999999996
			],
			"faces": {
				"north": {"uv": [0, 0, 3, 1], "texture": "#4"},
				"east": {"uv": [0, 0, 14, 1], "texture": "#4"},
				"south": {"uv": [0, 0, 3, 1], "texture": "#4"},
				"west": {"uv": [0, 0, 14, 1], "texture": "#4"},
				"up": {"uv": [0, 0, 3, 14], "texture": "#4"},
				"down": {"uv": [0, 0, 3, 14], "texture": "#4"}
			}
		},
		{
			"name": "Cube",
			"from": [-2.572815533980581, 6.5, 0],
			"to": [
				-2.3728155339805816,
				7.5,
				0.19999999999999996
			],
			"faces": {
				"north": {"uv": [0, 0, 3, 1], "texture": "#4"},
				"east": {"uv": [0, 0, 14, 1], "texture": "#4"},
				"south": {"uv": [0, 0, 3, 1], "texture": "#4"},
				"west": {"uv": [0, 0, 14, 1], "texture": "#4"},
				"up": {"uv": [0, 0, 3, 14], "texture": "#4"},
				"down": {"uv": [0, 0, 3, 14], "texture": "#4"}
			}
		},
		{
			"name": "Cube",
			"from": [-2.572815533980581, 0.4999999999999998, 0],
			"to": [
				-0.07281553398058094,
				0.6999999999999991,
				0.10000000000000009
			],
			"faces": {
				"north": {"uv": [0, 0, 3, 1], "texture": "#4"},
				"east": {"uv": [0, 0, 14, 1], "texture": "#4"},
				"south": {"uv": [0, 0, 3, 1], "texture": "#4"},
				"west": {"uv": [0, 0, 14, 1], "texture": "#4"},
				"up": {"uv": [0, 0, 3, 14], "texture": "#4"},
				"down": {"uv": [0, 0, 3, 14], "texture": "#4"}
			}
		},
		{
			"name": "Cube",
			"from": [18.22718446601942, 0.5, 0],
			"to": [18.42718446601942, 1.5, 0.19999999999999996],
			"faces": {
				"north": {"uv": [3, 0, 0, 1], "texture": "#4"},
				"east": {"uv": [14, 0, 0, 1], "texture": "#4"},
				"south": {"uv": [3, 0, 0, 1], "texture": "#4"},
				"west": {"uv": [14, 0, 0, 1], "texture": "#4"},
				"up": {"uv": [3, 0, 0, 14], "texture": "#4"},
				"down": {"uv": [3, 0, 0, 14], "texture": "#4"}
			}
		},
		{
			"name": "Cube",
			"from": [
				16.92718446601942,
				1.5,
				0.09999999999999998
			],
			"to": [19.42718446601942, 7, 0.19999999999999962],
			"faces": {
				"north": {"uv": [16, 0, 0, 16], "texture": "#7"},
				"east": {"uv": [16, 0, 0, 16], "texture": "#7"},
				"south": {"uv": [16, 0, 0, 16], "texture": "#7"},
				"west": {"uv": [16, 0, 0, 16], "texture": "#7"},
				"up": {"uv": [16, 0, 0, 16], "texture": "#7"},
				"down": {"uv": [16, 0, 0, 16], "texture": "#7"}
			},
			"rotation": {
				"origin": [
					18.17718446601942,
					4.25,
					0.1499999999999998
				],
				"axis": "y",
				"angle": -22.5
			}
		},
		{
			"name": "Cube",
			"from": [15.927184466019419, 0.4999999999999998, 0],
			"to": [
				18.42718446601942,
				0.6999999999999991,
				0.10000000000000009
			],
			"faces": {
				"north": {"uv": [3, 0, 0, 1], "texture": "#4"},
				"east": {"uv": [14, 0, 0, 1], "texture": "#4"},
				"south": {"uv": [3, 0, 0, 1], "texture": "#4"},
				"west": {"uv": [14, 0, 0, 1], "texture": "#4"},
				"up": {"uv": [3, 0, 0, 14], "texture": "#4"},
				"down": {"uv": [3, 0, 0, 14], "texture": "#4"}
			}
		},
		{
			"name": "Cube",
			"from": [15.927184466019419, 7.5, 0],
			"to": [
				18.42718446601942,
				7.699999999999999,
				0.10000000000000009
			],
			"faces": {
				"north": {"uv": [3, 0, 0, 1], "texture": "#4"},
				"east": {"uv": [14, 0, 0, 1], "texture": "#4"},
				"south": {"uv": [3, 0, 0, 1], "texture": "#4"},
				"west": {"uv": [14, 0, 0, 1], "texture": "#4"},
				"up": {"uv": [3, 0, 0, 14], "texture": "#4"},
				"down": {"uv": [3, 0, 0, 14], "texture": "#4"}
			}
		},
		{
			"name": "Cube",
			"from": [18.22718446601942, 6.5, 0],
			"to": [18.42718446601942, 7.5, 0.19999999999999996],
			"faces": {
				"north": {"uv": [3, 0, 0, 1], "texture": "#4"},
				"east": {"uv": [14, 0, 0, 1], "texture": "#4"},
				"south": {"uv": [3, 0, 0, 1], "texture": "#4"},
				"west": {"uv": [14, 0, 0, 1], "texture": "#4"},
				"up": {"uv": [3, 0, 0, 14], "texture": "#4"},
				"down": {"uv": [3, 0, 0, 14], "texture": "#4"}
			}
		},
		{
			"name": "Cube",
			"from": [16.92718446601942, 1.5, 0],
			"to": [19.42718446601942, 7, 0.10000000000000009],
			"faces": {
				"north": {"uv": [3, 0, 0, 1], "texture": "#4"},
				"east": {"uv": [14, 0, 0, 1], "texture": "#4"},
				"south": {"uv": [3, 0, 0, 1], "texture": "#4"},
				"west": {"uv": [14, 0, 0, 1], "texture": "#4"},
				"up": {"uv": [3, 0, 0, 14], "texture": "#4"},
				"down": {"uv": [3, 0, 0, 14], "texture": "#4"}
			},
			"rotation": {
				"origin": [
					18.17718446601942,
					4.25,
					0.050000000000000044
				],
				"axis": "y",
				"angle": -22.5
			}
		},
		{
			"name": "Cube",
			"from": [-2.072815533980581, -10, -4],
			"to": [-0.07281553398058094, -7, 6],
			"faces": {
				"north": {"uv": [0, 0, 16, 16], "texture": "#2"},
				"east": {"uv": [0, 0, 16, 16], "texture": "#2"},
				"south": {"uv": [0, 0, 16, 16], "texture": "#2"},
				"west": {"uv": [0, 0, 16, 16], "texture": "#2"},
				"up": {"uv": [0, 0, 16, 16], "texture": "#2"},
				"down": {"uv": [0, 0, 16, 16], "texture": "#2"}
			}
		},
		{
			"name": "Cube",
			"from": [15.927184466019419, -10, 6],
			"to": [17.92718446601942, -9, 12],
			"faces": {
				"north": {"uv": [16, 0, 0, 16], "texture": "#2"},
				"east": {"uv": [16, 0, 0, 16], "texture": "#2"},
				"south": {"uv": [16, 0, 0, 16], "texture": "#2"},
				"west": {"uv": [16, 0, 0, 16], "texture": "#2"},
				"up": {"uv": [16, 0, 0, 16], "texture": "#2"},
				"down": {"uv": [16, 0, 0, 16], "texture": "#2"}
			}
		},
		{
			"name": "Cube",
			"from": [14.927184466019419, -9, 6],
			"to": [16.92718446601942, 9, 11],
			"faces": {
				"north": {"uv": [3, 0, 0, 1], "texture": "#0"},
				"east": {"uv": [14, 0, 0, 1], "texture": "#0"},
				"south": {"uv": [3, 0, 0, 1], "texture": "#0"},
				"west": {"uv": [14, 0, 0, 1], "texture": "#0"},
				"up": {"uv": [3, 0, 0, 14], "texture": "#0"},
				"down": {"uv": [3, 0, 0, 14], "texture": "#0"}
			}
		},
		{
			"name": "Roof",
			"from": [-0.07281553398058094, 9, 1],
			"to": [15.927184466019419, 11, 11],
			"faces": {
				"north": {"uv": [0, 0, 3, 1], "texture": "#0"},
				"east": {"uv": [0, 0, 14, 1], "texture": "#0"},
				"south": {"uv": [0, 0, 3, 1], "texture": "#0"},
				"west": {"uv": [0, 0, 14, 1], "texture": "#0"},
				"up": {"uv": [0, 0, 3, 14], "texture": "#0"},
				"down": {"uv": [0, 0, 3, 14], "texture": "#0"}
			}
		},
		{
			"name": "Cube",
			"from": [-1.372815533980581, -10, -2],
			"to": [0.9271844660194188, 1, 6],
			"faces": {
				"north": {"uv": [0, 0, 3, 1], "texture": "#0"},
				"east": {"uv": [0, 0, 14, 1], "texture": "#0"},
				"south": {"uv": [0, 0, 3, 1], "texture": "#0"},
				"west": {"uv": [0, 0, 14, 1], "texture": "#0"},
				"up": {"uv": [0, 0, 3, 14], "texture": "#0"},
				"down": {"uv": [0, 0, 3, 14], "texture": "#0"}
			}
		},
		{
			"name": "Cube",
			"from": [14.927184466019419, -10, -2],
			"to": [17.22718446601942, 1, 6],
			"faces": {
				"north": {"uv": [3, 0, 0, 1], "texture": "#0"},
				"east": {"uv": [14, 0, 0, 1], "texture": "#0"},
				"south": {"uv": [3, 0, 0, 1], "texture": "#0"},
				"west": {"uv": [14, 0, 0, 1], "texture": "#0"},
				"up": {"uv": [3, 0, 0, 14], "texture": "#0"},
				"down": {"uv": [3, 0, 0, 14], "texture": "#0"}
			}
		},
		{
			"name": "Cube",
			"from": [17.22718446601942, -2, 4],
			"to": [17.72718446601942, -1.5, 6],
			"faces": {
				"north": {"uv": [3, 0, 0, 1], "texture": "#6"},
				"east": {"uv": [14, 0, 0, 1], "texture": "#6"},
				"south": {"uv": [3, 0, 0, 1], "texture": "#6"},
				"west": {"uv": [14, 0, 0, 1], "texture": "#6"},
				"up": {"uv": [3, 0, 0, 14], "texture": "#6"},
				"down": {"uv": [3, 0, 0, 14], "texture": "#6"}
			}
		},
		{
			"name": "Cube",
			"from": [15.22718446601942, 1, 0.6999999999999993],
			"to": [15.72718446601942, 8.600000000000001, 6.5],
			"faces": {
				"east": {"uv": [16, 0, 0, 16], "texture": "#7"}
			}
		},
		{
			"name": "Cube",
			"from": [
				15.22718446601942,
				4.600000000000001,
				-0.20000000000000018
			],
			"to": [
				15.72718446601942,
				7.600000000000001,
				0.7999999999999998
			],
			"faces": {
				"east": {"uv": [16, 0, 0, 16], "texture": "#7"}
			}
		},
		{
			"name": "Cube",
			"from": [15.22718446601942, 2, -1.2999999999999998],
			"to": [
				15.72718446601942,
				4.800000000000001,
				0.8000000000000007
			],
			"faces": {
				"east": {"uv": [16, 0, 0, 16], "texture": "#7"}
			}
		},
		{
			"name": "Cube",
			"from": [-0.07281553398058094, -7, -3],
			"to": [15.927184466019419, -6, 10],
			"faces": {
				"north": {"uv": [0, 0, 16, 16], "texture": "#0"},
				"east": {"uv": [0, 0, 16, 16], "texture": "#0"},
				"south": {"uv": [0, 0, 16, 16], "texture": "#0"},
				"west": {"uv": [0, 0, 16, 16], "texture": "#0"},
				"up": {"uv": [0, 0, 16, 16], "texture": "#0"},
				"down": {"uv": [0, 0, 16, 16], "texture": "#0"}
			}
		},
		{
			"name": "Cube",
			"from": [-2.072815533980581, -9, 7],
			"to": [-0.07281553398058094, 2, 9],
			"faces": {
				"north": {"uv": [0, 0, 16, 16], "texture": "#2"},
				"east": {"uv": [0, 0, 16, 16], "texture": "#2"},
				"south": {"uv": [0, 0, 16, 16], "texture": "#2"},
				"west": {"uv": [0, 0, 16, 16], "texture": "#2"},
				"up": {"uv": [0, 0, 16, 16], "texture": "#2"},
				"down": {"uv": [0, 0, 16, 16], "texture": "#2"}
			}
		},
		{
			"name": "Cube",
			"from": [-2.072815533980581, 2, 7],
			"to": [-0.07281553398058094, 13, 9],
			"faces": {
				"north": {"uv": [0, 0, 16, 16], "texture": "#2"},
				"east": {"uv": [0, 0, 16, 16], "texture": "#2"},
				"south": {"uv": [0, 0, 16, 16], "texture": "#2"},
				"west": {"uv": [0, 0, 16, 16], "texture": "#2"},
				"up": {"uv": [0, 0, 16, 16], "texture": "#2"},
				"down": {"uv": [0, 0, 16, 16], "texture": "#2"}
			}
		},
		{
			"name": "Cube",
			"from": [-1.572815533980581, 12, 7.699999999999999],
			"to": [-0.5728155339805809, 15, 8.7],
			"faces": {
				"north": {"uv": [0, 0, 16, 16], "texture": "#2"},
				"east": {"uv": [0, 0, 16, 16], "texture": "#2"},
				"south": {"uv": [0, 0, 16, 16], "texture": "#2"},
				"west": {"uv": [0, 0, 16, 16], "texture": "#2"},
				"up": {"uv": [0, 0, 16, 16], "texture": "#2"},
				"down": {"uv": [0, 0, 16, 16], "texture": "#2"}
			},
			"rotation": {
				"origin": [-1.072815533980581, 13.5, 8.2],
				"axis": "x",
				"angle": 22.5
			}
		},
		{
			"name": "Cube",
			"from": [15.927184466019419, -9, 7],
			"to": [17.92718446601942, 2, 9],
			"faces": {
				"north": {"uv": [16, 0, 0, 16], "texture": "#2"},
				"east": {"uv": [16, 0, 0, 16], "texture": "#2"},
				"south": {"uv": [16, 0, 0, 16], "texture": "#2"},
				"west": {"uv": [16, 0, 0, 16], "texture": "#2"},
				"up": {"uv": [16, 0, 0, 16], "texture": "#2"},
				"down": {"uv": [16, 0, 0, 16], "texture": "#2"}
			}
		},
		{
			"name": "Cube",
			"from": [15.927184466019419, 2, 7],
			"to": [17.92718446601942, 13, 9],
			"faces": {
				"north": {"uv": [16, 0, 0, 16], "texture": "#2"},
				"east": {"uv": [16, 0, 0, 16], "texture": "#2"},
				"south": {"uv": [16, 0, 0, 16], "texture": "#2"},
				"west": {"uv": [16, 0, 0, 16], "texture": "#2"},
				"up": {"uv": [16, 0, 0, 16], "texture": "#2"},
				"down": {"uv": [16, 0, 0, 16], "texture": "#2"}
			}
		},
		{
			"name": "Cube",
			"from": [16.42718446601942, 12, 7.699999999999999],
			"to": [17.42718446601942, 15, 8.7],
			"faces": {
				"north": {"uv": [16, 0, 0, 16], "texture": "#2"},
				"east": {"uv": [16, 0, 0, 16], "texture": "#2"},
				"south": {"uv": [16, 0, 0, 16], "texture": "#2"},
				"west": {"uv": [16, 0, 0, 16], "texture": "#2"},
				"up": {"uv": [16, 0, 0, 16], "texture": "#2"},
				"down": {"uv": [16, 0, 0, 16], "texture": "#2"}
			},
			"rotation": {
				"origin": [16.92718446601942, 13.5, 8.2],
				"axis": "x",
				"angle": 22.5
			}
		},
		{
			"name": "Cube",
			"from": [-1.572815533980581, -11, 30.8],
			"to": [4.427184466019419, -6, 31.8],
			"faces": {
				"north": {"uv": [3, 0, 0, 1], "texture": "#2"},
				"east": {"uv": [3, 0, 0, 16], "texture": "#2"},
				"south": {"uv": [16, 0, 0, 16], "texture": "#2"},
				"west": {"uv": [0, 0, 3, 16], "texture": "#2"},
				"up": {"uv": [0, 14, 3, 0], "texture": "#2"},
				"down": {"uv": [0, 14, 3, 0], "texture": "#2"}
			}
		},
		{
			"name": "Cube",
			"from": [-1.072815533980581, -5, 19],
			"to": [1.927184466019419, -4, 21],
			"faces": {
				"north": {"uv": [0, 0, 16, 16], "texture": "#2"},
				"east": {"uv": [0, 0, 16, 16], "texture": "#2"},
				"south": {"uv": [0, 0, 16, 16], "texture": "#2"},
				"west": {"uv": [0, 0, 16, 16], "texture": "#2"},
				"up": {"uv": [0, 0, 16, 16], "texture": "#2"},
				"down": {"uv": [0, 0, 16, 16], "texture": "#2"}
			}
		},
		{
			"name": "Cube",
			"from": [-1.072815533980581, -4, 15],
			"to": [1.927184466019419, -3, 19],
			"faces": {
				"north": {"uv": [0, 0, 16, 16], "texture": "#2"},
				"east": {"uv": [0, 0, 16, 16], "texture": "#2"},
				"south": {"uv": [0, 0, 16, 16], "texture": "#2"},
				"west": {"uv": [0, 0, 16, 16], "texture": "#2"},
				"up": {"uv": [0, 0, 16, 16], "texture": "#2"},
				"down": {"uv": [0, 0, 16, 16], "texture": "#2"}
			}
		},
		{
			"name": "Cube",
			"from": [-1.072815533980581, -5, 13],
			"to": [1.927184466019419, -4, 15],
			"faces": {
				"north": {"uv": [0, 0, 16, 16], "texture": "#2"},
				"east": {"uv": [0, 0, 16, 16], "texture": "#2"},
				"south": {"uv": [0, 0, 16, 16], "texture": "#2"},
				"west": {"uv": [0, 0, 16, 16], "texture": "#2"},
				"up": {"uv": [0, 0, 16, 16], "texture": "#2"},
				"down": {"uv": [0, 0, 16, 16], "texture": "#2"}
			}
		},
		{
			"name": "Cube",
			"from": [-1.072815533980581, -7, 12],
			"to": [1.927184466019419, -5, 13],
			"faces": {
				"north": {"uv": [0, 0, 16, 16], "texture": "#2"},
				"east": {"uv": [0, 0, 16, 16], "texture": "#2"},
				"south": {"uv": [0, 0, 16, 16], "texture": "#2"},
				"west": {"uv": [0, 0, 16, 16], "texture": "#2"},
				"up": {"uv": [0, 0, 16, 16], "texture": "#2"},
				"down": {"uv": [0, 0, 16, 16], "texture": "#2"}
			}
		},
		{
			"name": "Cube",
			"from": [-1.072815533980581, -7, 21],
			"to": [1.927184466019419, -5, 22],
			"faces": {
				"north": {"uv": [0, 0, 16, 16], "texture": "#2"},
				"east": {"uv": [0, 0, 16, 16], "texture": "#2"},
				"south": {"uv": [0, 0, 16, 16], "texture": "#2"},
				"west": {"uv": [0, 0, 16, 16], "texture": "#2"},
				"up": {"uv": [0, 0, 16, 16], "texture": "#2"},
				"down": {"uv": [0, 0, 16, 16], "texture": "#2"}
			}
		},
		{
			"name": "Cube",
			"from": [-1.072815533980581, -4, 24],
			"to": [1.927184466019419, -3, 28],
			"faces": {
				"north": {"uv": [0, 0, 16, 16], "texture": "#2"},
				"east": {"uv": [0, 0, 16, 16], "texture": "#2"},
				"south": {"uv": [0, 0, 16, 16], "texture": "#2"},
				"west": {"uv": [0, 0, 16, 16], "texture": "#2"},
				"up": {"uv": [0, 0, 16, 16], "texture": "#2"},
				"down": {"uv": [0, 0, 16, 16], "texture": "#2"}
			}
		},
		{
			"name": "Cube",
			"from": [-1.072815533980581, -5, 28],
			"to": [1.927184466019419, -4, 30],
			"faces": {
				"north": {"uv": [0, 0, 16, 16], "texture": "#2"},
				"east": {"uv": [0, 0, 16, 16], "texture": "#2"},
				"south": {"uv": [0, 0, 16, 16], "texture": "#2"},
				"west": {"uv": [0, 0, 16, 16], "texture": "#2"},
				"up": {"uv": [0, 0, 16, 16], "texture": "#2"},
				"down": {"uv": [0, 0, 16, 16], "texture": "#2"}
			}
		},
		{
			"name": "Cube",
			"from": [-1.072815533980581, -7, 30],
			"to": [1.927184466019419, -5, 31],
			"faces": {
				"north": {"uv": [0, 0, 16, 16], "texture": "#2"},
				"east": {"uv": [0, 0, 16, 16], "texture": "#2"},
				"south": {"uv": [0, 0, 16, 16], "texture": "#2"},
				"west": {"uv": [0, 0, 16, 16], "texture": "#2"},
				"up": {"uv": [0, 0, 16, 16], "texture": "#2"},
				"down": {"uv": [0, 0, 16, 16], "texture": "#2"}
			}
		},
		{
			"name": "Cube",
			"from": [-1.072815533980581, -5, 22],
			"to": [1.927184466019419, -4, 24],
			"faces": {
				"north": {"uv": [0, 0, 16, 16], "texture": "#2"},
				"east": {"uv": [0, 0, 16, 16], "texture": "#2"},
				"south": {"uv": [0, 0, 16, 16], "texture": "#2"},
				"west": {"uv": [0, 0, 16, 16], "texture": "#2"},
				"up": {"uv": [0, 0, 16, 16], "texture": "#2"},
				"down": {"uv": [0, 0, 16, 16], "texture": "#2"}
			}
		},
		{
			"name": "Cube",
			"from": [11.427184466019419, -11, 30.8],
			"to": [17.42718446601942, -6, 31.8],
			"faces": {
				"north": {"uv": [3, 0, 0, 1], "texture": "#2"},
				"east": {"uv": [3, 0, 0, 16], "texture": "#2"},
				"south": {"uv": [16, 0, 0, 16], "texture": "#2"},
				"west": {"uv": [0, 0, 3, 16], "texture": "#2"},
				"up": {"uv": [0, 14, 3, 0], "texture": "#2"},
				"down": {"uv": [0, 14, 3, 0], "texture": "#2"}
			}
		},
		{
			"name": "Cube",
			"from": [5.927184466019419, -5, 18],
			"to": [9.927184466019419, -3, 24],
			"faces": {
				"north": {"uv": [0, 0, 16, 16], "texture": "#2"},
				"east": {"uv": [0, 0, 16, 16], "texture": "#2"},
				"south": {"uv": [0, 0, 16, 16], "texture": "#2"},
				"west": {"uv": [0, 0, 16, 16], "texture": "#2"},
				"up": {"uv": [0, 0, 16, 16], "texture": "#2"},
				"down": {"uv": [0, 0, 16, 16], "texture": "#2"}
			}
		},
		{
			"name": "Cube",
			"from": [13.927184466019419, -7, 12],
			"to": [16.92718446601942, -5, 13],
			"faces": {
				"north": {"uv": [16, 0, 0, 16], "texture": "#2"},
				"east": {"uv": [16, 0, 0, 16], "texture": "#2"},
				"south": {"uv": [16, 0, 0, 16], "texture": "#2"},
				"west": {"uv": [16, 0, 0, 16], "texture": "#2"},
				"up": {"uv": [16, 0, 0, 16], "texture": "#2"},
				"down": {"uv": [16, 0, 0, 16], "texture": "#2"}
			}
		},
		{
			"name": "Cube",
			"from": [13.927184466019419, -5, 13],
			"to": [16.92718446601942, -4, 15],
			"faces": {
				"north": {"uv": [16, 0, 0, 16], "texture": "#2"},
				"east": {"uv": [16, 0, 0, 16], "texture": "#2"},
				"south": {"uv": [16, 0, 0, 16], "texture": "#2"},
				"west": {"uv": [16, 0, 0, 16], "texture": "#2"},
				"up": {"uv": [16, 0, 0, 16], "texture": "#2"},
				"down": {"uv": [16, 0, 0, 16], "texture": "#2"}
			}
		},
		{
			"name": "Cube",
			"from": [13.927184466019419, -4, 15],
			"to": [16.92718446601942, -3, 19],
			"faces": {
				"north": {"uv": [16, 0, 0, 16], "texture": "#2"},
				"east": {"uv": [16, 0, 0, 16], "texture": "#2"},
				"south": {"uv": [16, 0, 0, 16], "texture": "#2"},
				"west": {"uv": [16, 0, 0, 16], "texture": "#2"},
				"up": {"uv": [16, 0, 0, 16], "texture": "#2"},
				"down": {"uv": [16, 0, 0, 16], "texture": "#2"}
			}
		},
		{
			"name": "Cube",
			"from": [13.927184466019419, -7, 21],
			"to": [16.92718446601942, -5, 22],
			"faces": {
				"north": {"uv": [16, 0, 0, 16], "texture": "#2"},
				"east": {"uv": [16, 0, 0, 16], "texture": "#2"},
				"south": {"uv": [16, 0, 0, 16], "texture": "#2"},
				"west": {"uv": [16, 0, 0, 16], "texture": "#2"},
				"up": {"uv": [16, 0, 0, 16], "texture": "#2"},
				"down": {"uv": [16, 0, 0, 16], "texture": "#2"}
			}
		},
		{
			"name": "Cube",
			"from": [13.927184466019419, -5, 19],
			"to": [16.92718446601942, -4, 21],
			"faces": {
				"north": {"uv": [16, 0, 0, 16], "texture": "#2"},
				"east": {"uv": [16, 0, 0, 16], "texture": "#2"},
				"south": {"uv": [16, 0, 0, 16], "texture": "#2"},
				"west": {"uv": [16, 0, 0, 16], "texture": "#2"},
				"up": {"uv": [16, 0, 0, 16], "texture": "#2"},
				"down": {"uv": [16, 0, 0, 16], "texture": "#2"}
			}
		},
		{
			"name": "Cube",
			"from": [13.927184466019419, -4, 24],
			"to": [16.92718446601942, -3, 28],
			"faces": {
				"north": {"uv": [16, 0, 0, 16], "texture": "#2"},
				"east": {"uv": [16, 0, 0, 16], "texture": "#2"},
				"south": {"uv": [16, 0, 0, 16], "texture": "#2"},
				"west": {"uv": [16, 0, 0, 16], "texture": "#2"},
				"up": {"uv": [16, 0, 0, 16], "texture": "#2"},
				"down": {"uv": [16, 0, 0, 16], "texture": "#2"}
			}
		},
		{
			"name": "Cube",
			"from": [13.927184466019419, -5, 28],
			"to": [16.92718446601942, -4, 30],
			"faces": {
				"north": {"uv": [16, 0, 0, 16], "texture": "#2"},
				"east": {"uv": [16, 0, 0, 16], "texture": "#2"},
				"south": {"uv": [16, 0, 0, 16], "texture": "#2"},
				"west": {"uv": [16, 0, 0, 16], "texture": "#2"},
				"up": {"uv": [16, 0, 0, 16], "texture": "#2"},
				"down": {"uv": [16, 0, 0, 16], "texture": "#2"}
			}
		},
		{
			"name": "Cube",
			"from": [13.927184466019419, -7, 30],
			"to": [16.92718446601942, -5, 31],
			"faces": {
				"north": {"uv": [16, 0, 0, 16], "texture": "#2"},
				"east": {"uv": [16, 0, 0, 16], "texture": "#2"},
				"south": {"uv": [16, 0, 0, 16], "texture": "#2"},
				"west": {"uv": [16, 0, 0, 16], "texture": "#2"},
				"up": {"uv": [16, 0, 0, 16], "texture": "#2"},
				"down": {"uv": [16, 0, 0, 16], "texture": "#2"}
			}
		},
		{
			"name": "Cube",
			"from": [13.927184466019419, -5, 22],
			"to": [16.92718446601942, -4, 24],
			"faces": {
				"north": {"uv": [16, 0, 0, 16], "texture": "#2"},
				"east": {"uv": [16, 0, 0, 16], "texture": "#2"},
				"south": {"uv": [16, 0, 0, 16], "texture": "#2"},
				"west": {"uv": [16, 0, 0, 16], "texture": "#2"},
				"up": {"uv": [16, 0, 0, 16], "texture": "#2"},
				"down": {"uv": [16, 0, 0, 16], "texture": "#2"}
			}
		},
		{
			"name": "Cube",
			"from": [13.927184466019419, -7, -5],
			"to": [16.92718446601942, -5, -4],
			"faces": {
				"north": {"uv": [16, 0, 0, 16], "texture": "#2"},
				"east": {"uv": [16, 0, 0, 16], "texture": "#2"},
				"south": {"uv": [16, 0, 0, 16], "texture": "#2"},
				"west": {"uv": [16, 0, 0, 16], "texture": "#2"},
				"up": {"uv": [16, 0, 0, 16], "texture": "#2"},
				"down": {"uv": [16, 0, 0, 16], "texture": "#2"}
			}
		},
		{
			"name": "Cube",
			"from": [13.927184466019419, -5, -7],
			"to": [16.92718446601942, -4, -5],
			"faces": {
				"north": {"uv": [16, 0, 0, 16], "texture": "#2"},
				"east": {"uv": [16, 0, 0, 16], "texture": "#2"},
				"south": {"uv": [16, 0, 0, 16], "texture": "#2"},
				"west": {"uv": [16, 0, 0, 16], "texture": "#2"},
				"up": {"uv": [16, 0, 0, 16], "texture": "#2"},
				"down": {"uv": [16, 0, 0, 16], "texture": "#2"}
			}
		},
		{
			"name": "Cube",
			"from": [13.927184466019419, -4, -11],
			"to": [16.92718446601942, -3, -7],
			"faces": {
				"north": {"uv": [16, 0, 0, 16], "texture": "#2"},
				"east": {"uv": [16, 0, 0, 16], "texture": "#2"},
				"south": {"uv": [16, 0, 0, 16], "texture": "#2"},
				"west": {"uv": [16, 0, 0, 16], "texture": "#2"},
				"up": {"uv": [16, 0, 0, 16], "texture": "#2"},
				"down": {"uv": [16, 0, 0, 16], "texture": "#2"}
			}
		},
		{
			"name": "Cube",
			"from": [13.927184466019419, -5, -13],
			"to": [16.92718446601942, -4, -11],
			"faces": {
				"north": {"uv": [16, 0, 0, 16], "texture": "#2"},
				"east": {"uv": [16, 0, 0, 16], "texture": "#2"},
				"south": {"uv": [16, 0, 0, 16], "texture": "#2"},
				"west": {"uv": [16, 0, 0, 16], "texture": "#2"},
				"up": {"uv": [16, 0, 0, 16], "texture": "#2"},
				"down": {"uv": [16, 0, 0, 16], "texture": "#2"}
			}
		},
		{
			"name": "Cube",
			"from": [13.927184466019419, -7, -14],
			"to": [16.92718446601942, -5, -13],
			"faces": {
				"north": {"uv": [16, 0, 0, 16], "texture": "#2"},
				"east": {"uv": [16, 0, 0, 16], "texture": "#2"},
				"south": {"uv": [16, 0, 0, 16], "texture": "#2"},
				"west": {"uv": [16, 0, 0, 16], "texture": "#2"},
				"up": {"uv": [16, 0, 0, 16], "texture": "#2"},
				"down": {"uv": [16, 0, 0, 16], "texture": "#2"}
			}
		},
		{
			"name": "Cube",
			"from": [4.927184466019419, -8.5, 31],
			"to": [10.927184466019419, -6.5, 32],
			"faces": {
				"north": {"uv": [3, 0, 0, 1], "texture": "#4"},
				"east": {"uv": [14, 0, 0, 1], "texture": "#4"},
				"south": {"uv": [16, 0, 0, 16], "texture": "#4"},
				"west": {"uv": [14, 0, 0, 1], "texture": "#4"},
				"up": {"uv": [0, 14, 3, 0], "texture": "#4"},
				"down": {"uv": [0, 14, 3, 0], "texture": "#4"}
			}
		},
		{
			"name": "Cube",
			"from": [
				0.12718446601941835,
				2,
				-1.2999999999999998
			],
			"to": [
				0.6271844660194184,
				4.800000000000001,
				0.8000000000000007
			],
			"faces": {
				"west": {"uv": [0, 0, 16, 16], "texture": "#7"}
			}
		},
		{
			"name": "Cube",
			"from": [15.22718446601942, -2, -2.3],
			"to": [
				15.72718446601942,
				1.8000000000000007,
				0.8000000000000007
			],
			"faces": {
				"east": {"uv": [16, 0, 0, 16], "texture": "#7"}
			}
		},
		{
			"name": "Roof",
			"from": [
				-0.07281553398058094,
				7.6,
				0.10000000000000009
			],
			"to": [15.927184466019419, 10.6, 2.1],
			"faces": {
				"north": {"uv": [0, 0, 3, 1], "texture": "#0"},
				"east": {"uv": [0, 0, 14, 1], "texture": "#0"},
				"south": {"uv": [0, 0, 3, 1], "texture": "#0"},
				"west": {"uv": [0, 0, 14, 1], "texture": "#0"},
				"up": {"uv": [0, 0, 3, 14], "texture": "#0"},
				"down": {"uv": [0, 0, 3, 14], "texture": "#0"}
			},
			"rotation": {
				"origin": [7.927184466019419, 9.6, 1.1],
				"axis": "x",
				"angle": 45
			}
		},
		{
			"name": "Cube",
			"from": [
				0.12718446601941924,
				0,
				-1.7999999999999998
			],
			"to": [7.927184466019419, 9, -1.2999999999999998],
			"faces": {
				"north": {"uv": [0, 0, 16, 16], "texture": "#7"},
				"up": {"uv": [0, 0, 16, 16], "texture": "#7"},
				"down": {"uv": [0, 0, 16, 16], "texture": "#7"}
			},
			"rotation": {
				"origin": [-1.072815533980581, 3, -2],
				"axis": "x",
				"angle": 22.5
			}
		},
		{
			"name": "Cube",
			"from": [13.427184466019419, -6.1, -15.4],
			"to": [
				16.52718446601942,
				-3.8999999999999995,
				-13.9
			],
			"faces": {
				"north": {"uv": [0, 0, 16, 16], "texture": "#2"},
				"east": {"uv": [0, 0, 16, 16], "texture": "#2"},
				"south": {"uv": [0, 0, 16, 16], "texture": "#2"},
				"west": {"uv": [0, 0, 16, 16], "texture": "#2"},
				"up": {"uv": [0, 0, 16, 16], "texture": "#2"},
				"down": {"uv": [0, 0, 16, 16], "texture": "#2"}
			}
		},
		{
			"name": "Cube",
			"from": [-0.6728155339805824, -6.1, -15.4],
			"to": [
				2.427184466019419,
				-3.8999999999999995,
				-13.9
			],
			"faces": {
				"north": {"uv": [16, 0, 0, 16], "texture": "#2"},
				"east": {"uv": [16, 0, 0, 16], "texture": "#2"},
				"south": {"uv": [16, 0, 0, 16], "texture": "#2"},
				"west": {"uv": [16, 0, 0, 16], "texture": "#2"},
				"up": {"uv": [16, 0, 0, 16], "texture": "#2"},
				"down": {"uv": [16, 0, 0, 16], "texture": "#2"}
			}
		},
		{
			"name": "Cube",
			"from": [-1.072815533980581, -7, -14],
			"to": [1.927184466019419, -5, -13],
			"faces": {
				"north": {"uv": [0, 0, 16, 16], "texture": "#2"},
				"east": {"uv": [0, 0, 16, 16], "texture": "#2"},
				"south": {"uv": [0, 0, 16, 16], "texture": "#2"},
				"west": {"uv": [0, 0, 16, 16], "texture": "#2"},
				"up": {"uv": [0, 0, 16, 16], "texture": "#2"},
				"down": {"uv": [0, 0, 16, 16], "texture": "#2"}
			}
		},
		{
			"name": "Cube",
			"from": [13.927184466019419, -9, -15],
			"to": [16.92718446601942, -7, -14],
			"faces": {
				"north": {"uv": [16, 0, 0, 16], "texture": "#2"},
				"east": {"uv": [16, 0, 0, 16], "texture": "#2"},
				"south": {"uv": [16, 0, 0, 16], "texture": "#2"},
				"west": {"uv": [16, 0, 0, 16], "texture": "#2"},
				"up": {"uv": [16, 0, 0, 16], "texture": "#2"},
				"down": {"uv": [16, 0, 0, 16], "texture": "#2"}
			}
		}
	],
	"groups": [
		0,
		1,
		2,
		3,
		4,
		5,
		6,
		7,
		8,
		9,
		10,
		11,
		12,
		13,
		14,
		15,
		16,
		17,
		18,
		19,
		20,
		21,
		22,
		23,
		24,
		25,
		26,
		27,
		28,
		29,
		30,
		31,
		32,
		33,
		34,
		35,
		36,
		37,
		38,
		39,
		40,
		41,
		42,
		43,
		44,
		45,
		46,
		47,
		48,
		49,
		50,
		51,
		52,
		53,
		54,
		55,
		56,
		57,
		58,
		59,
		60,
		61,
		62,
		63,
		64,
		65,
		66,
		67,
		68,
		69,
		70,
		71,
		72,
		73,
		74,
		75,
		76,
		77,
		78,
		79,
		80,
		81,
		82,
		83,
		84,
		85,
		86,
		87,
		88,
		89,
		90,
		91,
		92,
		93,
		94,
		95,
		96,
		97,
		98,
		99,
		100,
		101,
		102
	],
	"display": {
		"head": {
			"rotation": [0, 0, 0],
			"scale": [3.5, 3.5, 3.5],
			"translation": [0, 0, 15]
		},
		"thirdperson_righthand": {"scale": [1, 1, 1]},
		"ground": {"scale": [1, 1, 1]},
		"fixed": {"scale": [1, 1, 1]},
		"gui": {"scale": [1, 1, 1]},
		"firstperson_lefthand": {"scale": [1, 1, 1]}
	}
}