{
    "__comment": "Model generated using MrCrayfish's Model Creator (http://mrcrayfish.com/modelcreator/)",
    "textures": {
	    "0": "custom/anim1",
        "1": "custom/anim2",
		"2": "custom/anim3",
        "3": "custom/anim4"
    },
    "elements": [
        {
            "name": "tire1",
            "from": [ 12.5, -0.10000000000000009, -3.1 ], 
            "to": [ 14.0, 4.1, 1.1 ], 
            "faces": {
				"north": { "texture": "#0", "uv": [ 0.0, 0.0, 8, 2] },
				"east": { "texture": "#0", "uv": [ 0.0, 0.0, 8, 2] },
				"south": { "texture": "#0", "uv": [ 0.0, 0.0, 8, 2] },
				"west": { "texture": "#0", "uv": [ 0.0, 0.0, 8, 2] },
				"up": { "texture": "#0", "uv": [ 0.0, 0.0, 8, 2] },
				"down": { "texture": "#0", "uv": [ 0.0, 0.0, 8, 2] }
            }
        },
        {
            "name": "tire1",
            "from": [ 12.5, -0.10000000000000009, 14.9 ], 
            "to": [ 14.0, 4.1, 19.1 ], 
            "faces": {
				"north": { "texture": "#0", "uv": [ 0.0, 0.0, 8, 2] },
				"east": { "texture": "#0", "uv": [ 0.0, 0.0, 8, 2] },
				"south": { "texture": "#0", "uv": [ 0.0, 0.0, 8, 2] },
				"west": { "texture": "#0", "uv": [ 0.0, 0.0, 8, 2] },
				"up": { "texture": "#0", "uv": [ 0.0, 0.0, 8, 2] },
				"down": { "texture": "#0", "uv": [ 0.0, 0.0, 8, 2] }
            }
        },
        {
            "name": "tire1",
            "from": [ 2.0, -0.10000000000000009, 14.9 ], 
            "to": [ 3.5, 4.1, 19.1 ], 
            "faces": {
				"north": { "texture": "#0", "uv": [ 0.0, 0.0, 8, 2] },
				"east": { "texture": "#0", "uv": [ 0.0, 0.0, 8, 2] },
				"south": { "texture": "#0", "uv": [ 0.0, 0.0, 8, 2] },
				"west": { "texture": "#0", "uv": [ 0.0, 0.0, 8, 2] },
				"up": { "texture": "#0", "uv": [ 0.0, 0.0, 8, 2] },
				"down": { "texture": "#0", "uv": [ 0.0, 0.0, 8, 2] }
            }
        },
        {
            "name": "tire1",
            "from": [ 2.0, -0.10000000000000009, -3.1 ], 
            "to": [ 3.5, 4.1, 1.1 ], 
            "faces": {
				"north": { "texture": "#0", "uv": [ 0.0, 0.0, 8, 2] },
				"east": { "texture": "#0", "uv": [ 0.0, 0.0, 8, 2] },
				"south": { "texture": "#0", "uv": [ 0.0, 0.0, 8, 2] },
				"west": { "texture": "#0", "uv": [ 0.0, 0.0, 8, 2] },
				"up": { "texture": "#0", "uv": [ 0.0, 0.0, 8, 2] },
				"down": { "texture": "#0", "uv": [ 0.0, 0.0, 8, 2] }
            }
        },
        {
            "name": "wheel1",
            "from": [ 1.8, 0.7, 15.7 ], 
            "to": [ 3.3, 3.3, 18.3 ], 
            "faces": {
				"north": { "texture": "#0", "uv": [ 8, 0.0, 9, 2] },
				"east": { "texture": "#0", "uv": [ 8, 0.0, 16, 2] },
				"south": { "texture": "#0", "uv": [ 8, 0.0, 9, 2] },
				"west": { "texture": "#0", "uv": [ 8, 0.0, 16, 2] },
				"up": { "texture": "#0", "uv": [ 8, 0.0, 9, 2] },
				"down": { "texture": "#0", "uv": [ 8, 0.0, 9, 2] }
            }
        },
        {
            "name": "wheel1",
            "from": [ 12.8, 0.7, 15.7 ], 
            "to": [ 14.3, 3.3, 18.3 ], 
            "faces": {
				"north": { "texture": "#0", "uv": [ 8, 0.0, 9, 2] },
				"east": { "texture": "#0", "uv": [ 8, 0.0, 16, 2] },
				"south": { "texture": "#0", "uv": [ 8, 0.0, 9, 2] },
				"west": { "texture": "#0", "uv": [ 8, 0.0, 16, 2] },
				"up": { "texture": "#0", "uv": [ 8, 0.0, 9, 2] },
				"down": { "texture": "#0", "uv": [ 8, 0.0, 9, 2] }
            }
        },
        {
            "name": "wheel1",
            "from": [ 12.8, 0.7, -2.3000000000000007 ], 
            "to": [ 14.3, 3.3, 0.2999999999999994 ], 
            "faces": {
				"north": { "texture": "#0", "uv": [ 8, 0.0, 9, 2] },
				"east": { "texture": "#0", "uv": [ 8, 0.0, 16, 2] },
				"south": { "texture": "#0", "uv": [ 8, 0.0, 9, 2] },
				"west": { "texture": "#0", "uv": [ 8, 0.0, 16, 2] },
				"up": { "texture": "#0", "uv": [ 8, 0.0, 9, 2] },
				"down": { "texture": "#0", "uv": [ 8, 0.0, 9, 2] }
            }
        },
        {
            "name": "wheel1",
            "from": [ 1.8000000000000007, 0.7, -2.3000000000000007 ], 
            "to": [ 3.3000000000000007, 3.3, 0.2999999999999994 ], 
            "faces": {
				"north": { "texture": "#0", "uv": [ 8, 0.0, 9, 2] },
				"east": { "texture": "#0", "uv": [ 8, 0.0, 16, 2] },
				"south": { "texture": "#0", "uv": [ 8, 0.0, 9, 2] },
				"west": { "texture": "#0", "uv": [ 8, 0.0, 16, 2] },
				"up": { "texture": "#0", "uv": [ 8, 0.0, 9, 2] },
				"down": { "texture": "#0", "uv": [ 8, 0.0, 9, 2] }
            }
        },
        {
            "name": "axle1",
            "from": [ 3.4, 1.7, -1.2999999999999998 ], 
            "to": [ 12.6, 2.3, -0.6999999999999997 ], 
            "faces": {
				"north": { "texture": "#0", "uv": [ 0.0, 2, 8, 4] },
				"east": { "texture": "#0", "uv": [ 0.0, 2, 8, 4] },
				"south": { "texture": "#0", "uv": [ 0.0, 2, 8, 4] },
				"west": { "texture": "#0", "uv": [ 0.0, 2, 8, 4] },
				"up": { "texture": "#0", "uv": [ 0.0, 2, 8, 4] },
				"down": { "texture": "#0", "uv": [ 0.0, 2, 8, 4] }
            }
        },
        {
            "name": "axle1",
            "from": [ 3.4, 1.7, 16.7 ], 
            "to": [ 12.6, 2.3, 17.3 ], 
            "faces": {
				"north": { "texture": "#0", "uv": [ 0.0, 2, 8, 4] },
				"east": { "texture": "#0", "uv": [ 0.0, 2, 8, 4] },
				"south": { "texture": "#0", "uv": [ 0.0, 2, 8, 4] },
				"west": { "texture": "#0", "uv": [ 0.0, 2, 8, 4] },
				"up": { "texture": "#0", "uv": [ 0.0, 2, 8, 4] },
				"down": { "texture": "#0", "uv": [ 0.0, 2, 8, 4] }
            }
        },
        {
            "name": "tire2",
            "from": [ 12.5, -0.10000000000000009, 14.9 ], 
            "to": [ 14.0, 4.1, 19.1 ], 
            "rotation": { "origin": [ 8.0, 2.0, 17.0 ], "axis": "x", "angle": -22.5 },
            "faces": {
				"north": { "texture": "#1", "uv": [ 0.0, 4, 8, 6] },
				"east": { "texture": "#1", "uv": [ 0.0, 4, 8, 6] },
				"south": { "texture": "#1", "uv": [ 0.0, 4, 8, 6] },
				"west": { "texture": "#1", "uv": [ 0.0, 4, 8, 6] },
				"up": { "texture": "#1", "uv": [ 0.0, 4, 8, 6] },
				"down": { "texture": "#1", "uv": [ 0.0, 4, 8, 6] }
            }
        },
        {
            "name": "tire2",
            "from": [ 12.5, -0.10000000000000009, -3.1 ], 
            "to": [ 14.0, 4.1, 1.1 ], 
            "rotation": { "origin": [ 8.0, 2.0, -1.0 ], "axis": "x", "angle": -22.5 },
            "faces": {
				"north": { "texture": "#1", "uv": [ 0.0, 4, 8, 6] },
				"east": { "texture": "#1", "uv": [ 0.0, 4, 8, 6] },
				"south": { "texture": "#1", "uv": [ 0.0, 4, 8, 6] },
				"west": { "texture": "#1", "uv": [ 0.0, 4, 8, 6] },
				"up": { "texture": "#1", "uv": [ 0.0, 4, 8, 6] },
				"down": { "texture": "#1", "uv": [ 0.0, 4, 8, 6] }
            }
        },
        {
            "name": "tire2",
            "from": [ 2.0, -0.10000000000000009, -3.1 ], 
            "to": [ 3.5, 4.1, 1.1 ], 
            "rotation": { "origin": [ 8.0, 2.0, -1.0 ], "axis": "x", "angle": -22.5 },
            "faces": {
				"north": { "texture": "#1", "uv": [ 0.0, 4, 8, 6] },
				"east": { "texture": "#1", "uv": [ 0.0, 4, 8, 6] },
				"south": { "texture": "#1", "uv": [ 0.0, 4, 8, 6] },
				"west": { "texture": "#1", "uv": [ 0.0, 4, 8, 6] },
				"up": { "texture": "#1", "uv": [ 0.0, 4, 8, 6] },
				"down": { "texture": "#1", "uv": [ 0.0, 4, 8, 6] }
            }
        },
        {
            "name": "tire2",
            "from": [ 2.0, -0.10000000000000009, 14.9 ], 
            "to": [ 3.5, 4.1, 19.1 ], 
            "rotation": { "origin": [ 8.0, 2.0, 17.0 ], "axis": "x", "angle": -22.5 },
            "faces": {
				"north": { "texture": "#1", "uv": [ 0.0, 4, 8, 6] },
				"east": { "texture": "#1", "uv": [ 0.0, 4, 8, 6] },
				"south": { "texture": "#1", "uv": [ 0.0, 4, 8, 6] },
				"west": { "texture": "#1", "uv": [ 0.0, 4, 8, 6] },
				"up": { "texture": "#1", "uv": [ 0.0, 4, 8, 6] },
				"down": { "texture": "#1", "uv": [ 0.0, 4, 8, 6] }
            }
        },
        {
            "name": "wheel2",
            "from": [ 1.8, 0.7, 15.7 ], 
            "to": [ 3.3, 3.3, 18.3 ], 
            "rotation": { "origin": [ 8.0, 2.0, 17.0 ], "axis": "x", "angle": -22.5 },
            "faces": {
                "north": { "texture": "#1", "uv": [ 8, 4, 9, 6] },
				"east": { "texture": "#1", "uv": [ 8, 4, 16, 6] },
				"south": { "texture": "#1", "uv": [ 8, 4, 9, 6] },
				"west": { "texture": "#1", "uv": [ 8, 4, 16, 6] },
				"up": { "texture": "#1", "uv": [ 8, 4, 9, 6] },
				"down": { "texture": "#1", "uv": [ 8, 4, 9, 6] }
            }
        },
        {
            "name": "wheel2",
            "from": [ 12.8, 0.7, 15.7 ], 
            "to": [ 14.3, 3.3, 18.3 ], 
            "rotation": { "origin": [ 8.0, 2.0, 17.0 ], "axis": "x", "angle": -22.5 },
            "faces": {
                "north": { "texture": "#1", "uv": [ 8, 4, 9, 6] },
				"east": { "texture": "#1", "uv": [ 8, 4, 16, 6] },
				"south": { "texture": "#1", "uv": [ 8, 4, 9, 6] },
				"west": { "texture": "#1", "uv": [ 8, 4, 16, 6] },
				"up": { "texture": "#1", "uv": [ 8, 4, 9, 6] },
				"down": { "texture": "#1", "uv": [ 8, 4, 9, 6] }
            }
        },
        {
            "name": "wheel2",
            "from": [ 12.8, 0.7, -2.3000000000000007 ], 
            "to": [ 14.3, 3.3, 0.2999999999999994 ], 
            "rotation": { "origin": [ 8.0, 2.0, -1.0 ], "axis": "x", "angle": -22.5 },
            "faces": {
                "north": { "texture": "#1", "uv": [ 8, 4, 9, 6] },
				"east": { "texture": "#1", "uv": [ 8, 4, 16, 6] },
				"south": { "texture": "#1", "uv": [ 8, 4, 9, 6] },
				"west": { "texture": "#1", "uv": [ 8, 4, 16, 6] },
				"up": { "texture": "#1", "uv": [ 8, 4, 9, 6] },
				"down": { "texture": "#1", "uv": [ 8, 4, 9, 6] }
            }
        },
        {
            "name": "wheel2",
            "from": [ 1.8000000000000007, 0.7, -2.3000000000000007 ], 
            "to": [ 3.3000000000000007, 3.3, 0.2999999999999994 ], 
            "rotation": { "origin": [ 8.0, 2.0, -1.0 ], "axis": "x", "angle": -22.5 },
            "faces": {
                "north": { "texture": "#1", "uv": [ 8, 4, 9, 6] },
				"east": { "texture": "#1", "uv": [ 8, 4, 16, 6] },
				"south": { "texture": "#1", "uv": [ 8, 4, 9, 6] },
				"west": { "texture": "#1", "uv": [ 8, 4, 16, 6] },
				"up": { "texture": "#1", "uv": [ 8, 4, 9, 6] },
				"down": { "texture": "#1", "uv": [ 8, 4, 9, 6] }
            }
        },
        {
            "name": "axle2",
            "from": [ 3.4, 1.7, -1.2999999999999998 ], 
            "to": [ 12.6, 2.3, -0.6999999999999997 ], 
            "rotation": { "origin": [ 8.0, 2.0, -1.0 ], "axis": "x", "angle": -22.5 },
            "faces": {
                "north": { "texture": "#1", "uv": [ 0.0, 6, 8, 8] },
				"east": { "texture": "#1", "uv": [ 0.0, 6, 8, 8] },
				"south": { "texture": "#1", "uv": [ 0.0, 6, 8, 8] },
				"west": { "texture": "#1", "uv": [ 0.0, 6, 8, 8] },
				"up": { "texture": "#1", "uv": [ 0.0, 6, 8, 8] },
				"down": { "texture": "#1", "uv": [ 0.0, 6, 8, 8] }
            }
        },
        {
            "name": "axle2",
            "from": [ 3.4, 1.7, 16.7 ], 
            "to": [ 12.6, 2.3, 17.3 ], 
            "rotation": { "origin": [ 8.0, 2.0, 17.0 ], "axis": "x", "angle": -22.5 },
            "faces": {
                "north": { "texture": "#1", "uv": [ 0.0, 6, 8, 8] },
				"east": { "texture": "#1", "uv": [ 0.0, 6, 8, 8] },
				"south": { "texture": "#1", "uv": [ 0.0, 6, 8, 8] },
				"west": { "texture": "#1", "uv": [ 0.0, 6, 8, 8] },
				"up": { "texture": "#1", "uv": [ 0.0, 6, 8, 8] },
				"down": { "texture": "#1", "uv": [ 0.0, 6, 8, 8] }
            }
        },
        {
            "name": "tire3",
            "from": [ 12.5, -0.10000000000000009, 14.9 ], 
            "to": [ 14.0, 4.1, 19.1 ], 
            "rotation": { "origin": [ 8.0, 2.0, 17.0 ], "axis": "x", "angle": -45 },
            "faces": {
				"north": { "texture": "#2", "uv": [ 0.0, 6, 8, 8] },
				"east": { "texture": "#2", "uv": [ 0.0, 6, 8, 8] },
				"south": { "texture": "#2", "uv": [ 0.0, 6, 8, 8] },
				"west": { "texture": "#2", "uv": [ 0.0, 6, 8, 8] },
				"up": { "texture": "#2", "uv": [ 0.0, 6, 8, 8] },
				"down": { "texture": "#2", "uv": [ 0.0, 6, 8, 8] }
            }
        },
        {
            "name": "tire3",
            "from": [ 12.5, -0.10000000000000009, -3.1 ], 
            "to": [ 14.0, 4.1, 1.1 ], 
            "rotation": { "origin": [ 8.0, 2.0, -1.0 ], "axis": "x", "angle": -45 },
            "faces": {
				"north": { "texture": "#2", "uv": [ 0.0, 6, 8, 8] },
				"east": { "texture": "#2", "uv": [ 0.0, 6, 8, 8] },
				"south": { "texture": "#2", "uv": [ 0.0, 6, 8, 8] },
				"west": { "texture": "#2", "uv": [ 0.0, 6, 8, 8] },
				"up": { "texture": "#2", "uv": [ 0.0, 6, 8, 8] },
				"down": { "texture": "#2", "uv": [ 0.0, 6, 8, 8] }
            }
        },
        {
            "name": "tire3",
            "from": [ 2.0, -0.10000000000000009, -3.1 ], 
            "to": [ 3.5, 4.1, 1.1 ], 
            "rotation": { "origin": [ 8.0, 2.0, -1.0 ], "axis": "x", "angle": -45 },
            "faces": {
				"north": { "texture": "#2", "uv": [ 0.0, 6, 8, 8] },
				"east": { "texture": "#2", "uv": [ 0.0, 6, 8, 8] },
				"south": { "texture": "#2", "uv": [ 0.0, 6, 8, 8] },
				"west": { "texture": "#2", "uv": [ 0.0, 6, 8, 8] },
				"up": { "texture": "#2", "uv": [ 0.0, 6, 8, 8] },
				"down": { "texture": "#2", "uv": [ 0.0, 6, 8, 8] }
            }
        },
        {
            "name": "tire3",
            "from": [ 2.0, -0.10000000000000009, 14.9 ], 
            "to": [ 3.5, 4.1, 19.1 ], 
            "rotation": { "origin": [ 8.0, 2.0, 17.0 ], "axis": "x", "angle": -45 },
            "faces": {
				"north": { "texture": "#2", "uv": [ 0.0, 6, 8, 8] },
				"east": { "texture": "#2", "uv": [ 0.0, 6, 8, 8] },
				"south": { "texture": "#2", "uv": [ 0.0, 6, 8, 8] },
				"west": { "texture": "#2", "uv": [ 0.0, 6, 8, 8] },
				"up": { "texture": "#2", "uv": [ 0.0, 6, 8, 8] },
				"down": { "texture": "#2", "uv": [ 0.0, 6, 8, 8] }
            }
        },
        {
            "name": "wheel3",
            "from": [ 1.8, 0.7, 15.7 ], 
            "to": [ 3.3, 3.3, 18.3 ], 
            "rotation": { "origin": [ 8.0, 2.0, 17.0 ], "axis": "x", "angle": -45 },
            "faces": {
				"north": { "texture": "#2", "uv": [ 8, 6, 9, 8] },
				"east": { "texture": "#2", "uv": [ 8, 6, 16, 8] },
				"south": { "texture": "#2", "uv": [ 8, 6, 9, 8] },
				"west": { "texture": "#2", "uv": [ 8, 6, 16, 8] },
				"up": { "texture": "#2", "uv": [ 8, 6, 9, 8] },
				"down": { "texture": "#2", "uv": [ 8, 6, 9, 8] }
            }
        },
        {
            "name": "wheel3",
            "from": [ 12.8, 0.7, 15.7 ], 
            "to": [ 14.3, 3.3, 18.3 ], 
            "rotation": { "origin": [ 8.0, 2.0, 17.0 ], "axis": "x", "angle": -45 },
            "faces": {
				"north": { "texture": "#2", "uv": [ 8, 6, 9, 8] },
				"east": { "texture": "#2", "uv": [ 8, 6, 16, 8] },
				"south": { "texture": "#2", "uv": [ 8, 6, 9, 8] },
				"west": { "texture": "#2", "uv": [ 8, 6, 16, 8] },
				"up": { "texture": "#2", "uv": [ 8, 6, 9, 8] },
				"down": { "texture": "#2", "uv": [ 8, 6, 9, 8] }
            }
        },
        {
            "name": "wheel3",
            "from": [ 12.8, 0.7, -2.3000000000000007 ], 
            "to": [ 14.3, 3.3, 0.2999999999999994 ], 
            "rotation": { "origin": [ 8.0, 2.0, -1.0 ], "axis": "x", "angle": -45 },
            "faces": {
				"north": { "texture": "#2", "uv": [ 8, 6, 9, 8] },
				"east": { "texture": "#2", "uv": [ 8, 6, 16, 8] },
				"south": { "texture": "#2", "uv": [ 8, 6, 9, 8] },
				"west": { "texture": "#2", "uv": [ 8, 6, 16, 8] },
				"up": { "texture": "#2", "uv": [ 8, 6, 9, 8] },
				"down": { "texture": "#2", "uv": [ 8, 6, 9, 8] }
            }
        },
        {
            "name": "wheel3",
            "from": [ 1.8000000000000007, 0.7, -2.3000000000000007 ], 
            "to": [ 3.3000000000000007, 3.3, 0.2999999999999994 ], 
            "rotation": { "origin": [ 8.0, 2.0, -1.0 ], "axis": "x", "angle": -45 },
            "faces": {
				"north": { "texture": "#2", "uv": [ 8, 6, 9, 8] },
				"east": { "texture": "#2", "uv": [ 8, 6, 16, 8] },
				"south": { "texture": "#2", "uv": [ 8, 6, 9, 8] },
				"west": { "texture": "#2", "uv": [ 8, 6, 16, 8] },
				"up": { "texture": "#2", "uv": [ 8, 6, 9, 8] },
				"down": { "texture": "#2", "uv": [ 8, 6, 9, 8] }
            }
        },
        {
            "name": "axle3",
            "from": [ 3.4, 1.7, -1.2999999999999998 ], 
            "to": [ 12.6, 2.3, -0.6999999999999997 ], 
            "rotation": { "origin": [ 8.0, 2.0, -1.0 ], "axis": "x", "angle": -45 },
            "faces": {
				"north": { "texture": "#2", "uv": [ 0.0, 8, 8, 10] },
				"east": { "texture": "#2", "uv": [ 0.0, 8, 8, 10] },
				"south": { "texture": "#2", "uv": [ 0.0, 8, 8, 10] },
				"west": { "texture": "#2", "uv": [ 0.0, 8, 8, 10] },
				"up": { "texture": "#2", "uv": [ 0.0, 8, 8, 10] },
				"down": { "texture": "#2", "uv": [ 0.0, 8, 8, 10] }
            }
        },
        {
            "name": "axle3",
            "from": [ 3.4, 1.7, 16.7 ], 
            "to": [ 12.6, 2.3, 17.3 ], 
            "rotation": { "origin": [ 8.0, 2.0, 17.0 ], "axis": "x", "angle": -45 },
            "faces": {
				"north": { "texture": "#2", "uv": [ 0.0, 8, 8, 10] },
				"east": { "texture": "#2", "uv": [ 0.0, 8, 8, 10] },
				"south": { "texture": "#2", "uv": [ 0.0, 8, 8, 10] },
				"west": { "texture": "#2", "uv": [ 0.0, 8, 8, 10] },
				"up": { "texture": "#2", "uv": [ 0.0, 8, 8, 10] },
				"down": { "texture": "#2", "uv": [ 0.0, 8, 8, 10] }
            }
        },
        {
            "name": "tire4",
            "from": [ 12.5, -0.10000000000000009, 14.9 ], 
            "to": [ 14.0, 4.1, 19.1 ], 
            "rotation": { "origin": [ 8.0, 2.0, 17.0 ], "axis": "x", "angle": 22.5 },
            "faces": {
				"north": { "texture": "#3", "uv": [ 0.0, 6, 8, 8] },
				"east": { "texture": "#3", "uv": [ 0.0, 6, 8, 8] },
				"south": { "texture": "#3", "uv": [ 0.0, 6, 8, 8] },
				"west": { "texture": "#3", "uv": [ 0.0, 6, 8, 8] },
				"up": { "texture": "#3", "uv": [ 0.0, 6, 8, 8] },
				"down": { "texture": "#3", "uv": [ 0.0, 6, 8, 8] }
            }
        },
        {
            "name": "tire4",
            "from": [ 12.5, -0.10000000000000009, -3.1 ], 
            "to": [ 14.0, 4.1, 1.1 ], 
            "rotation": { "origin": [ 8.0, 2.0, -1.0 ], "axis": "x", "angle": 22.5 },
            "faces": {
				"north": { "texture": "#3", "uv": [ 0.0, 6, 8, 8] },
				"east": { "texture": "#3", "uv": [ 0.0, 6, 8, 8] },
				"south": { "texture": "#3", "uv": [ 0.0, 6, 8, 8] },
				"west": { "texture": "#3", "uv": [ 0.0, 6, 8, 8] },
				"up": { "texture": "#3", "uv": [ 0.0, 6, 8, 8] },
				"down": { "texture": "#3", "uv": [ 0.0, 6, 8, 8] }
            }
        },
        {
            "name": "tire4",
            "from": [ 2.0, -0.10000000000000009, -3.1 ], 
            "to": [ 3.5, 4.1, 1.1 ], 
            "rotation": { "origin": [ 8.0, 2.0, -1.0 ], "axis": "x", "angle": 22.5 },
            "faces": {
				"north": { "texture": "#3", "uv": [ 0.0, 6, 8, 8] },
				"east": { "texture": "#3", "uv": [ 0.0, 6, 8, 8] },
				"south": { "texture": "#3", "uv": [ 0.0, 6, 8, 8] },
				"west": { "texture": "#3", "uv": [ 0.0, 6, 8, 8] },
				"up": { "texture": "#3", "uv": [ 0.0, 6, 8, 8] },
				"down": { "texture": "#3", "uv": [ 0.0, 6, 8, 8] }
            }
        },
        {
            "name": "tire4",
            "from": [ 2.0, -0.10000000000000009, 14.9 ], 
            "to": [ 3.5, 4.1, 19.1 ], 
            "rotation": { "origin": [ 8.0, 2.0, 17.0 ], "axis": "x", "angle": 22.5 },
            "faces": {
				"north": { "texture": "#3", "uv": [ 0.0, 6, 8, 8] },
				"east": { "texture": "#3", "uv": [ 0.0, 6, 8, 8] },
				"south": { "texture": "#3", "uv": [ 0.0, 6, 8, 8] },
				"west": { "texture": "#3", "uv": [ 0.0, 6, 8, 8] },
				"up": { "texture": "#3", "uv": [ 0.0, 6, 8, 8] },
				"down": { "texture": "#3", "uv": [ 0.0, 6, 8, 8] }
            }
        },
        {
            "name": "wheel4",
            "from": [ 1.8, 0.7, 15.7 ], 
            "to": [ 3.3, 3.3, 18.3 ], 
            "rotation": { "origin": [ 8.0, 2.0, 17.0 ], "axis": "x", "angle": 22.5 },
            "faces": {
				"north": { "texture": "#3", "uv": [ 8, 6, 9, 8] },
				"east": { "texture": "#3", "uv": [ 8, 6, 16, 8] },
				"south": { "texture": "#3", "uv": [ 8, 6, 9, 8] },
				"west": { "texture": "#3", "uv": [ 8, 6, 16, 8] },
				"up": { "texture": "#3", "uv": [ 8, 6, 9, 8] },
				"down": { "texture": "#3", "uv": [ 8, 6, 9, 8] }
            }
        },
        {
            "name": "wheel4",
            "from": [ 12.8, 0.7, 15.7 ], 
            "to": [ 14.3, 3.3, 18.3 ], 
            "rotation": { "origin": [ 8.0, 2.0, 17.0 ], "axis": "x", "angle": 22.5 },
            "faces": {
				"north": { "texture": "#3", "uv": [ 8, 6, 9, 8] },
				"east": { "texture": "#3", "uv": [ 8, 6, 16, 8] },
				"south": { "texture": "#3", "uv": [ 8, 6, 9, 8] },
				"west": { "texture": "#3", "uv": [ 8, 6, 16, 8] },
				"up": { "texture": "#3", "uv": [ 8, 6, 9, 8] },
				"down": { "texture": "#3", "uv": [ 8, 6, 9, 8] }
            }
        },
        {
            "name": "wheel4",
            "from": [ 12.8, 0.7, -2.3000000000000007 ], 
            "to": [ 14.3, 3.3, 0.2999999999999994 ], 
            "rotation": { "origin": [ 8.0, 2.0, -1.0 ], "axis": "x", "angle": 22.5 },
            "faces": {
				"north": { "texture": "#3", "uv": [ 8, 6, 9, 8] },
				"east": { "texture": "#3", "uv": [ 8, 6, 16, 8] },
				"south": { "texture": "#3", "uv": [ 8, 6, 9, 8] },
				"west": { "texture": "#3", "uv": [ 8, 6, 16, 8] },
				"up": { "texture": "#3", "uv": [ 8, 6, 9, 8] },
				"down": { "texture": "#3", "uv": [ 8, 6, 9, 8] }
            }
        },
        {
            "name": "wheel4",
            "from": [ 1.8000000000000007, 0.7, -2.3000000000000007 ], 
            "to": [ 3.3000000000000007, 3.3, 0.2999999999999994 ], 
            "rotation": { "origin": [ 8.0, 2.0, -1.0 ], "axis": "x", "angle": 22.5 },
            "faces": {
				"north": { "texture": "#3", "uv": [ 8, 6, 9, 8] },
				"east": { "texture": "#3", "uv": [ 8, 6, 16, 8] },
				"south": { "texture": "#3", "uv": [ 8, 6, 9, 8] },
				"west": { "texture": "#3", "uv": [ 8, 6, 16, 8] },
				"up": { "texture": "#3", "uv": [ 8, 6, 9, 8] },
				"down": { "texture": "#3", "uv": [ 8, 6, 9, 8] }
            }
        },
        {
            "name": "axle4",
            "from": [ 3.4, 1.7, -1.2999999999999998 ], 
            "to": [ 12.6, 2.3, -0.6999999999999997 ], 
            "rotation": { "origin": [ 8.0, 2.0, -1.0 ], "axis": "x", "angle": 22.5 },
            "faces": {
				"north": { "texture": "#3", "uv": [ 0.0, 8, 8, 10] },
				"east": { "texture": "#3", "uv": [ 0.0, 8, 8, 10] },
				"south": { "texture": "#3", "uv": [ 0.0, 8, 8, 10] },
				"west": { "texture": "#3", "uv": [ 0.0, 8, 8, 10] },
				"up": { "texture": "#3", "uv": [ 0.0, 8, 8, 10] },
				"down": { "texture": "#3", "uv": [ 0.0, 8, 8, 10] }
            }
        },
        {
            "name": "axle4",
            "from": [ 3.4, 1.7, 16.7 ], 
            "to": [ 12.6, 2.3, 17.3 ], 
            "rotation": { "origin": [ 8.0, 2.0, 17.0 ], "axis": "x", "angle": 22.5 },
            "faces": {
				"north": { "texture": "#3", "uv": [ 0.0, 8, 8, 10] },
				"east": { "texture": "#3", "uv": [ 0.0, 8, 8, 10] },
				"south": { "texture": "#3", "uv": [ 0.0, 8, 8, 10] },
				"west": { "texture": "#3", "uv": [ 0.0, 8, 8, 10] },
				"up": { "texture": "#3", "uv": [ 0.0, 8, 8, 10] },
				"down": { "texture": "#3", "uv": [ 0.0, 8, 8, 10] }
            }
        }
    ],
	"display": {
    "head": {
        "rotation": [ 0, 0, 0 ],
        "translation": [ 0 , -26 , 0 ],
        "scale": [ 5, 5, 5 ]
    }
}
}